-- --------------------------------------------------------
-- Host:                         192.168.0.97
-- Versione server:              10.11.6-MariaDB-0+deb12u1 - Debian 12
-- S.O. server:                  debian-linux-gnu
-- HeidiSQL Versione:            12.6.0.6765
-- --------------------------------------------------------

/*!40101 SET @OLD_CHARACTER_SET_CLIENT=@@CHARACTER_SET_CLIENT */;
/*!40101 SET NAMES utf8 */;
/*!50503 SET NAMES utf8mb4 */;
/*!40103 SET @OLD_TIME_ZONE=@@TIME_ZONE */;
/*!40103 SET TIME_ZONE='+00:00' */;
/*!40014 SET @OLD_FOREIGN_KEY_CHECKS=@@FOREIGN_KEY_CHECKS, FOREIGN_KEY_CHECKS=0 */;
/*!40101 SET @OLD_SQL_MODE=@@SQL_MODE, SQL_MODE='NO_AUTO_VALUE_ON_ZERO' */;
/*!40111 SET @OLD_SQL_NOTES=@@SQL_NOTES, SQL_NOTES=0 */;


-- Dump della struttura del database raspberryprojects
DROP DATABASE IF EXISTS `raspberryprojects`;
CREATE DATABASE IF NOT EXISTS `raspberryprojects` /*!40100 DEFAULT CHARACTER SET latin1 COLLATE latin1_swedish_ci */;
USE `raspberryprojects`;

-- Dump della struttura di tabella raspberryprojects.campionatura
DROP TABLE IF EXISTS `campionatura`;
CREATE TABLE IF NOT EXISTS `campionatura` (
  `id` int(11) NOT NULL AUTO_INCREMENT,
  `campione` varchar(255) NOT NULL,
  `start` datetime NOT NULL DEFAULT current_timestamp(),
  `stop` datetime DEFAULT NULL,
  PRIMARY KEY (`id`)
) ENGINE=InnoDB AUTO_INCREMENT=86 DEFAULT CHARSET=latin1 COLLATE=latin1_swedish_ci;

-- Dump dei dati della tabella raspberryprojects.campionatura: ~52 rows (circa)
DELETE FROM `campionatura`;
INSERT INTO `campionatura` (`id`, `campione`, `start`, `stop`) VALUES
	(34, 'campione_test', '2024-10-30 14:48:15', '2024-10-30 14:48:23'),
	(35, 'campione_test', '2024-10-30 14:48:32', '2024-10-30 14:48:48'),
	(36, 'campione_test', '2024-10-30 14:49:02', '2024-10-30 14:49:04'),
	(37, 'campione_test', '2024-10-30 16:06:13', NULL),
	(38, 'campione_test', '2024-10-30 16:06:13', '2024-10-30 16:06:18'),
	(39, 'campione_test', '2024-10-31 08:06:14', '2024-10-31 08:06:19'),
	(40, 'campione_test', '2024-10-31 08:12:50', '2024-10-31 08:13:04'),
	(41, 'campione_test', '2024-10-31 08:15:57', '2024-10-31 08:16:00'),
	(42, 'campione_test', '2024-10-31 08:28:36', '2024-10-31 08:28:46'),
	(43, 'campione_test', '2024-10-31 08:28:58', '2024-10-31 08:29:07'),
	(44, 'campione_test', '2024-10-31 08:47:13', '2024-10-31 08:47:22'),
	(45, 'campione_test', '2024-10-31 08:49:10', '2024-10-31 08:49:19'),
	(46, 'campione_test', '2024-10-31 09:25:23', '2024-10-31 09:25:34'),
	(47, 'campione_test', '2024-10-31 09:25:56', '2024-10-31 09:26:01'),
	(48, 'campione_test', '2024-10-31 09:26:55', '2024-10-31 09:27:00'),
	(49, 'campione_test', '2024-10-31 09:27:09', '2024-10-31 09:27:16'),
	(50, 'campione_test', '2024-10-31 09:27:20', '2024-10-31 09:27:25'),
	(51, 'campione_test', '2024-10-31 09:27:27', NULL),
	(52, 'campione_test', '2024-10-31 09:29:14', '2024-10-31 09:29:27'),
	(53, 'campione_test', '2024-10-31 09:29:32', '2024-10-31 09:29:37'),
	(54, 'campione_test', '2024-11-04 14:15:11', '2024-11-04 14:15:29'),
	(55, 'campione_test', '2024-11-04 14:59:55', '2024-11-04 15:00:11'),
	(56, 'campione_test', '2024-11-04 15:01:21', '2024-11-04 15:01:28'),
	(57, 'campione_test', '2024-11-04 15:01:43', '2024-11-04 15:01:52'),
	(58, 'campione_test', '2024-11-04 15:04:22', '2024-11-04 15:04:28'),
	(59, 'campione_test', '2024-11-04 15:05:56', NULL),
	(60, 'campione_test', '2024-11-04 15:08:27', NULL),
	(61, 'campione_test', '2024-11-04 15:26:26', '2024-11-04 15:31:08'),
	(62, 'campione_test', '2024-11-04 15:32:19', '2024-11-04 15:32:33'),
	(63, 'campione_test', '2024-11-04 15:38:10', '2024-11-04 15:38:15'),
	(64, 'campione_test', '2024-04-11 16:44:56', '2024-04-11 16:45:06'),
	(65, 'campione_test', '2024-04-11 16:45:39', '2024-04-11 16:45:52'),
	(66, 'campione_test', '2024-04-11 17:03:07', '2024-04-11 17:03:23'),
	(67, 'campione_test', '2024-04-11 17:04:09', '2024-04-11 17:04:24'),
	(68, 'campione_test', '2024-04-11 17:12:32', '2024-04-11 17:12:46'),
	(69, 'campione_test', '2024-04-11 17:35:36', '2024-04-11 17:35:55'),
	(70, 'campione_test', '2024-04-11 17:36:18', '2024-04-11 17:36:26'),
	(71, 'campione_test', '2024-04-11 17:37:07', '2024-04-11 17:37:11'),
	(72, 'campione_test', '2024-04-11 17:37:22', '2024-04-11 17:37:30'),
	(73, 'campione_test', '2024-11-04 17:39:30', '2024-11-04 17:39:38'),
	(74, 'campione_test', '2024-11-05 09:08:40', '2024-11-05 09:10:30'),
	(75, 'campione_test', '2024-11-05 08:40:25', '2024-11-05 08:40:33'),
	(76, 'campione_test', '2024-11-05 08:45:43', '2024-11-05 08:45:50'),
	(77, 'campione_test', '2024-11-05 09:46:39', '2024-11-05 09:46:45'),
	(78, 'campione_test', '2024-11-05 09:48:28', '2024-11-05 09:49:02'),
	(79, 'campione_test', '2024-11-05 09:56:05', '2024-11-05 09:56:33'),
	(80, 'campione_test', '2024-11-05 09:57:11', '2024-11-05 09:57:39'),
	(81, 'campione_test', '2024-11-05 09:57:50', '2024-11-05 09:58:25'),
	(82, 'campione_test', '2024-11-05 10:00:51', '2024-11-05 10:01:21'),
	(83, 'campione_test', '2024-11-05 09:57:55', '2024-11-05 09:58:39'),
	(84, 'campione_test', '2024-11-05 13:18:55', '2024-11-05 13:19:02'),
	(85, 'campione_test', '2024-11-07 14:17:06', '2024-11-07 14:17:09');

-- Dump della struttura di tabella raspberryprojects.impostazioni
DROP TABLE IF EXISTS `impostazioni`;
CREATE TABLE IF NOT EXISTS `impostazioni` (
  `codice` varchar(50) NOT NULL,
  `descrizione` varchar(255) NOT NULL,
  `valore` varchar(4000) DEFAULT NULL,
  `created_at` datetime NOT NULL DEFAULT current_timestamp(),
  `updated_at` datetime DEFAULT NULL,
  `deleted_at` datetime DEFAULT NULL,
  PRIMARY KEY (`codice`)
) ENGINE=InnoDB DEFAULT CHARSET=utf8mb3 COLLATE=utf8mb3_general_ci;

-- Dump dei dati della tabella raspberryprojects.impostazioni: ~36 rows (circa)
DELETE FROM `impostazioni`;
INSERT INTO `impostazioni` (`codice`, `descrizione`, `valore`, `created_at`, `updated_at`, `deleted_at`) VALUES
	('alert_olio', 'Alert Olio', '0', '2024-11-07 13:07:14', NULL, NULL),
	('alert_spola', 'Alert Spola', '0', '2024-11-04 11:17:56', '2024-11-07 15:28:05', NULL),
	('articolo', 'Articolo', 'ZRACHELLE-0', '2024-01-16 10:37:44', '2024-05-13 06:15:51', NULL),
	('commessa', 'Commessa', 'abc', '2024-10-08 10:43:19', NULL, NULL),
	('data_cambio_olio', 'Data Cambio Olio', '07/11/2024 16:28:37', '2024-11-07 16:44:51', NULL, NULL),
	('data_cambio_spola', 'Data Cambio Spola', '07/11/2024 16:28:37', '2024-10-21 11:26:03', '2024-11-07 15:28:36', NULL),
	('distanza_reset_olio', 'Distanza Reset Olio', '100', '2024-10-08 10:43:39', NULL, NULL),
	('dns_nameservers', 'DNS Name Servers', '8.8.8.8', '2023-06-27 14:54:28', '2024-01-15 15:37:36', NULL),
	('fattore_taratura', 'Fattore Taratura', '78', '2024-10-28 11:26:37', '2024-11-08 08:38:19', NULL),
	('gateway', 'Gateway', '192.168.10.253', '2023-06-20 10:50:37', '2024-01-12 09:56:57', NULL),
	('id_macchina', 'ID Macchina', '1', '2023-02-27 09:58:22', '2023-11-28 10:12:39', NULL),
	('id_operatore', 'Badge', '0010452223', '2023-06-28 15:07:22', '2024-11-08 07:51:41', NULL),
	('impulsi', 'Impulsi', '0', '2024-10-21 11:31:20', '2024-10-21 11:31:21', NULL),
	('ip_local_server', 'IP Server Locale', '192.168.10.207', '2023-06-22 15:12:48', '2024-01-12 09:57:20', NULL),
	('ip_macchina', 'IP Macchina', '192.168.10.201', '2023-06-20 08:43:43', '2024-01-12 09:56:43', NULL),
	('last_barcode', 'Ultimo Barcode Scansionato', '051296200186', '2023-05-31 09:30:21', '2024-05-13 06:15:51', NULL),
	('lunghezza_totale', 'Lunghezza totale', '0.00', '2024-10-21 11:32:17', '2024-10-21 11:32:18', NULL),
	('manuale_uso', 'Manuale d\'uso', 'manuale_uso.pdf', '2023-02-27 10:43:33', NULL, NULL),
	('misurazione_filo', 'Misurazione Filo', '0', '2024-10-21 11:30:13', '2024-10-21 11:30:48', NULL),
	('network_interface', 'Interfaccia di Rete', 'wlan0', '2023-06-07 17:21:06', NULL, NULL),
	('network_name', 'Nome Rete', 'elata', '2023-06-20 10:51:41', '2024-01-29 15:19:36', NULL),
	('network_password', 'Password Rete', 'Elata1923', '2023-06-20 10:52:12', '2024-01-29 15:19:36', NULL),
	('operativita', 'Operatività', '00:00:00', '2024-10-21 11:33:30', '2024-10-21 11:33:31', NULL),
	('parametro_olio', 'Parametro Olio (ore)', '2', '2024-11-08 09:36:59', '2024-11-08 08:38:19', NULL),
	('parametro_olio_attivo', 'Parametro Olio Attivo', '0', '2024-11-08 09:42:29', NULL, NULL),
	('parametro_spola', 'Parametro Spola (metri)', '190', '2024-10-21 12:14:10', '2024-11-08 08:38:19', NULL),
	('parametro_spola_attivo', 'Parametro Spola Attivo', '0', '2024-11-08 09:41:47', NULL, NULL),
	('porta_local_server', 'Porta Server Locale', '1404', '2023-06-22 15:13:27', NULL, NULL),
	('richiesta_filato', 'Richiesta Filato', '1', '2024-10-08 10:45:11', '2024-10-30 12:13:09', NULL),
	('richiesta_intervento', 'Richiesta Intervento', '1', '2023-02-27 10:02:31', '2024-11-04 15:32:46', NULL),
	('subnet', 'Subnet', '255.255.255.0', '2023-06-20 10:49:21', '2024-01-04 16:14:01', NULL),
	('token', 'Token', '123', '2023-03-02 14:48:23', NULL, NULL),
	('ultimo_reset_olio', 'Ultimo Reset Olio', '0', '2024-10-08 10:45:58', '2024-10-08 08:46:48', NULL),
	('velocita', 'Velocità', '0.00', '2024-10-21 11:32:51', '2024-10-21 11:32:52', NULL),
	('websocket_host', 'WebSocket Host', '192.168.0.97', '2024-10-29 11:09:30', NULL, NULL),
	('websocket_port', 'WebSocket Port', '8765', '2024-10-29 11:12:01', NULL, NULL);

-- Dump della struttura di tabella raspberryprojects.log_operazioni
DROP TABLE IF EXISTS `log_operazioni`;
CREATE TABLE IF NOT EXISTS `log_operazioni` (
  `id` int(11) NOT NULL AUTO_INCREMENT,
  `data` datetime NOT NULL DEFAULT current_timestamp(),
  `id_macchina` int(11) NOT NULL,
  `id_operatore` varchar(50) DEFAULT '',
  `codice` varchar(255) NOT NULL DEFAULT '',
  `valore` varchar(255) NOT NULL DEFAULT '',
  `created_at` datetime NOT NULL DEFAULT current_timestamp(),
  `updated_at` datetime DEFAULT NULL,
  `deleted_at` datetime DEFAULT NULL,
  PRIMARY KEY (`id`)
) ENGINE=InnoDB AUTO_INCREMENT=492 DEFAULT CHARSET=utf8mb3 COLLATE=utf8mb3_general_ci ROW_FORMAT=DYNAMIC;

-- Dump dei dati della tabella raspberryprojects.log_operazioni: ~491 rows (circa)
DELETE FROM `log_operazioni`;
INSERT INTO `log_operazioni` (`id`, `data`, `id_macchina`, `id_operatore`, `codice`, `valore`, `created_at`, `updated_at`, `deleted_at`) VALUES
	(1, '2024-01-12 10:56:30', 1, '0025711970', 'network_name', 'Elata1923', '2024-01-12 09:56:30', '2024-01-12 09:56:30', NULL),
	(2, '2024-01-12 10:56:48', 1, '0025711970', 'ip_macchina', '192.168.10.201', '2024-01-12 09:56:48', '2024-01-12 09:56:48', NULL),
	(3, '2024-01-12 10:57:02', 1, '0025711970', 'gateway', '192.168.10.253', '2024-01-12 09:57:02', '2024-01-12 09:57:02', NULL),
	(4, '2024-01-12 10:57:20', 1, '0025711970', 'ip_local_server', '192.168.10.207', '2024-01-12 09:57:20', '2024-01-12 09:57:20', NULL),
	(5, '2024-01-15 16:37:40', 1, '0025711970', 'dns_nameservers', '8.8.8.8', '2024-01-15 15:37:40', '2024-01-15 15:37:40', NULL),
	(6, '2024-01-15 16:37:57', 1, '0025711970', 'last_barcode', '051105700180', '2024-01-15 15:37:57', '2024-01-15 15:37:57', NULL),
	(7, '2024-01-16 07:34:27', 1, '0025711970', 'last_barcode', '051105700180', '2024-01-16 06:34:27', '2024-01-16 06:34:27', NULL),
	(8, '2024-01-16 07:46:20', 1, '0025711970', 'last_barcode', '051105300182', '2024-01-16 06:46:20', '2024-01-16 06:46:20', NULL),
	(9, '2024-01-16 08:35:42', 1, '0025711970', 'last_barcode', '051105500186', '2024-01-16 07:35:42', '2024-01-16 07:35:42', NULL),
	(10, '2024-01-16 09:26:00', 1, '0025711970', 'last_barcode', '051105500186', '2024-01-16 08:26:00', '2024-01-16 08:26:00', NULL),
	(11, '2024-01-16 09:26:38', 1, '0025711970', 'last_barcode', '051105500180', '2024-01-16 08:26:38', '2024-01-16 08:26:38', NULL),
	(12, '2024-01-16 09:27:32', 1, '0025711970', 'last_barcode', '051105500186', '2024-01-16 08:27:32', '2024-01-16 08:27:32', NULL),
	(13, '2024-01-16 09:31:25', 1, '0025711970', 'last_barcode', '051083500185', '2024-01-16 08:31:25', '2024-01-16 08:31:25', NULL),
	(14, '2024-01-16 09:34:08', 1, '0025711970', 'last_barcode', '051105000181', '2024-01-16 08:34:08', '2024-01-16 08:34:08', NULL),
	(15, '2024-01-16 10:08:23', 1, '0025711970', 'last_barcode', '051104500187', '2024-01-16 09:08:23', '2024-01-16 09:08:23', NULL),
	(16, '2024-01-16 10:10:20', 1, '0025711970', 'last_barcode', '051124700185', '2024-01-16 09:10:20', '2024-01-16 09:10:20', NULL),
	(17, '2024-01-16 10:14:33', 1, '0025711970', 'last_barcode', '051104500187', '2024-01-16 09:14:33', '2024-01-16 09:14:33', NULL),
	(18, '2024-01-16 11:01:45', 1, '0025711970', 'last_barcode', '051034200157', '2024-01-16 10:01:45', '2024-01-16 10:01:45', NULL),
	(19, '2024-01-16 11:03:11', 1, '0025711970', 'last_barcode', '051034200157', '2024-01-16 10:03:11', '2024-01-16 10:03:11', NULL),
	(20, '2024-01-16 12:17:22', 1, '0025711970', 'last_barcode', '051034200157', '2024-01-16 11:17:22', '2024-01-16 11:17:22', NULL),
	(21, '2024-01-16 12:38:41', 1, '0025711970', 'last_barcode', '051104500187', '2024-01-16 11:38:41', '2024-01-16 11:38:41', NULL),
	(22, '2024-01-17 10:58:22', 1, '0009309531', 'last_barcode', '051010700183', '2024-01-17 09:58:22', '2024-01-17 09:58:22', NULL),
	(23, '2024-01-17 11:30:09', 1, '0009309531', 'last_barcode', '051010400182', '2024-01-17 10:30:09', '2024-01-17 10:30:09', NULL),
	(24, '2024-01-17 12:15:37', 1, '0009309531', 'last_barcode', '051108600180', '2024-01-17 11:15:37', '2024-01-17 11:15:37', NULL),
	(25, '2024-01-17 12:16:09', 1, '0009309531', 'last_barcode', '051009800184', '2024-01-17 11:16:09', '2024-01-17 11:16:09', NULL),
	(26, '2024-01-17 14:18:18', 1, '0009309531', 'last_barcode', '051009800191', '2024-01-17 13:18:18', '2024-01-17 13:18:18', NULL),
	(27, '2024-01-18 08:12:51', 1, '0009309531', 'last_barcode', '051080800196', '2024-01-18 07:12:51', '2024-01-18 07:12:51', NULL),
	(28, '2024-01-18 08:51:44', 1, '0009309531', 'last_barcode', '051107300180', '2024-01-18 07:51:44', '2024-01-18 07:51:44', NULL),
	(29, '2024-01-18 09:05:27', 1, '0009309531', 'last_barcode', '051016500183', '2024-01-18 08:05:27', '2024-01-18 08:05:27', NULL),
	(30, '2024-01-18 10:37:20', 1, '0009309531', 'last_barcode', '051123900180', '2024-01-18 09:37:20', '2024-01-18 09:37:20', NULL),
	(31, '2024-01-18 11:12:05', 1, '0009309531', 'last_barcode', '051124200180', '2024-01-18 10:12:05', '2024-01-18 10:12:05', NULL),
	(32, '2024-01-18 11:47:35', 1, '0009309531', 'last_barcode', '051007600182', '2024-01-18 10:47:35', '2024-01-18 10:47:35', NULL),
	(33, '2024-01-18 12:21:03', 1, '0009309531', 'last_barcode', '051063500181', '2024-01-18 11:21:03', '2024-01-18 11:21:03', NULL),
	(34, '2024-01-18 13:21:39', 1, '0009309531', 'last_barcode', '050169500187', '2024-01-18 12:21:39', '2024-01-18 12:21:39', NULL),
	(35, '2024-01-19 08:20:11', 1, '0009309531', 'richiesta_manutenzione', '2', '2024-01-19 07:20:11', '2024-01-19 07:20:11', NULL),
	(36, '2024-01-19 08:28:34', 1, '0025711970', 'conferma_intervento', '0', '2024-01-19 07:28:34', '2024-01-19 07:28:34', NULL),
	(37, '2024-01-22 14:20:48', 1, '0025711970', 'last_barcode', '051107300180', '2024-01-22 13:20:48', '2024-01-22 13:20:48', NULL),
	(38, '2024-01-23 09:07:55', 1, '0025711970', 'last_barcode', '051063600188', '2024-01-23 08:07:55', '2024-01-23 08:07:55', NULL),
	(39, '2024-01-23 09:30:05', 1, '0025711970', 'last_barcode', '051063600188', '2024-01-23 08:30:05', '2024-01-23 08:30:05', NULL),
	(40, '2024-01-24 07:57:51', 1, '0009309531', 'richiesta_manutenzione', '1', '2024-01-24 06:57:51', '2024-01-24 06:57:51', NULL),
	(41, '2024-01-24 08:49:47', 1, '0025711970', 'conferma_intervento', '0', '2024-01-24 07:49:47', '2024-01-24 07:49:47', NULL),
	(42, '2024-01-25 08:48:02', 1, '0025711970', 'last_barcode', '051129200185', '2024-01-25 07:48:02', '2024-01-25 07:48:02', NULL),
	(43, '2024-01-25 09:43:10', 1, '0025711970', 'last_barcode', '051130000187', '2024-01-25 08:43:10', '2024-01-25 08:43:10', NULL),
	(44, '2024-01-25 09:51:31', 1, '0025711970', 'last_barcode', '051130400185', '2024-01-25 08:51:31', '2024-01-25 08:51:31', NULL),
	(45, '2024-01-25 10:24:54', 1, '0025711970', 'last_barcode', '051138100186', '2024-01-25 09:24:54', '2024-01-25 09:24:54', NULL),
	(46, '2024-01-25 11:23:46', 1, '0025711970', 'last_barcode', '051028200187', '2024-01-25 10:23:46', '2024-01-25 10:23:46', NULL),
	(47, '2024-01-25 12:35:15', 1, '0009309531', 'last_barcode', '051105100188', '2024-01-25 11:35:15', '2024-01-25 11:35:15', NULL),
	(48, '2024-01-26 08:58:19', 1, '0009309531', 'last_barcode', '051024900180', '2024-01-26 07:58:19', '2024-01-26 07:58:19', NULL),
	(49, '2024-01-26 10:03:58', 1, '0009309531', 'last_barcode', '051123800183', '2024-01-26 09:03:58', '2024-01-26 09:03:58', NULL),
	(50, '2024-01-26 10:21:45', 1, '0009309531', 'last_barcode', '051124500181', '2024-01-26 09:21:45', '2024-01-26 09:21:45', NULL),
	(51, '2024-01-26 15:08:21', 1, '0009309531', 'last_barcode', '051024300188', '2024-01-26 14:08:21', '2024-01-26 14:08:21', NULL),
	(52, '2024-01-29 08:46:28', 1, '0009309531', 'last_barcode', '051027900187', '2024-01-29 07:46:28', '2024-01-29 07:46:28', NULL),
	(53, '2024-01-29 08:46:47', 1, '0009309531', 'last_barcode', '051027900187', '2024-01-29 07:46:47', '2024-01-29 07:46:47', NULL),
	(54, '2024-01-29 08:47:15', 1, '0009309531', 'last_barcode', '051027900187', '2024-01-29 07:47:15', '2024-01-29 07:47:15', NULL),
	(55, '2024-01-29 08:47:45', 1, '0009309531', 'last_barcode', '051023100192', '2024-01-29 07:47:45', '2024-01-29 07:47:45', NULL),
	(56, '2024-01-29 12:19:33', 1, '0009309531', 'last_barcode', '051027900187', '2024-01-29 11:19:33', '2024-01-29 11:19:33', NULL),
	(57, '2024-01-29 14:20:50', 1, '0009309531', 'last_barcode', '051024500199', '2024-01-29 13:20:50', '2024-01-29 13:20:50', NULL),
	(58, '2024-01-29 16:35:20', 1, '0009309531', 'last_barcode', '051106400188', '2024-01-29 15:35:20', '2024-01-29 15:35:20', NULL),
	(59, '2024-01-29 16:19:41', 1, '0009309531', 'network_name', 'Elata1923', '2024-01-29 15:19:41', '2024-01-29 15:19:41', NULL),
	(60, '2024-01-30 11:52:20', 1, '0009309531', 'richiesta_manutenzione', '41', '2024-01-30 10:52:20', '2024-01-30 10:52:20', NULL),
	(61, '2024-01-30 12:35:11', 1, '0009309531', 'last_barcode', '051031600196', '2024-01-30 11:35:11', '2024-01-30 11:35:11', NULL),
	(62, '2024-01-30 14:33:17', 1, '0009309531', 'last_barcode', '051141600192', '2024-01-30 13:33:17', '2024-01-30 13:33:17', NULL),
	(63, '2024-01-30 14:43:02', 1, '0009309531', 'last_barcode', '051031800190', '2024-01-30 13:43:02', '2024-01-30 13:43:02', NULL),
	(64, '2024-01-30 14:46:46', 1, '0009309531', 'conferma_intervento', '0', '2024-01-30 13:46:46', '2024-01-30 13:46:46', NULL),
	(65, '2024-01-31 11:10:49', 1, '0009309531', 'richiesta_manutenzione', '1', '2024-01-31 10:10:49', '2024-01-31 10:10:49', NULL),
	(66, '2024-01-31 11:18:08', 1, '0025711970', 'conferma_intervento', '0', '2024-01-31 10:18:08', '2024-01-31 10:18:08', NULL),
	(67, '2024-01-31 14:29:54', 1, '0025711970', 'last_barcode', '051031700193', '2024-01-31 13:29:54', '2024-01-31 13:29:54', NULL),
	(68, '2024-01-31 14:48:53', 1, '0025711970', 'last_barcode', '051013500193', '2024-01-31 13:48:53', '2024-01-31 13:48:53', NULL),
	(69, '2024-01-31 14:49:07', 1, '0025711970', 'last_barcode', '051013600190', '2024-01-31 13:49:07', '2024-01-31 13:49:07', NULL),
	(70, '2024-02-01 09:48:09', 1, '0025711970', 'last_barcode', '051026700191', '2024-02-01 08:48:09', '2024-02-01 08:48:09', NULL),
	(71, '2024-02-02 09:32:53', 1, '0025711970', 'last_barcode', '051031200198', '2024-02-02 08:32:53', '2024-02-02 08:32:53', NULL),
	(72, '2024-02-02 13:05:40', 1, '0025711970', 'last_barcode', '051035100197', '2024-02-02 12:05:40', '2024-02-02 12:05:40', NULL),
	(73, '2024-02-02 13:07:35', 1, '0025711970', 'last_barcode', '050169100189', '2024-02-02 12:07:35', '2024-02-02 12:07:35', NULL),
	(74, '2024-02-05 07:51:06', 1, '0025711970', 'last_barcode', '051035100197', '2024-02-05 06:51:06', '2024-02-05 06:51:06', NULL),
	(75, '2024-02-05 09:07:03', 1, '0025711970', 'last_barcode', '051034500196', '2024-02-05 08:07:03', '2024-02-05 08:07:03', NULL),
	(76, '2024-02-05 10:57:48', 1, '0036518789', 'richiesta_manutenzione', '32', '2024-02-05 09:57:48', '2024-02-05 09:57:48', NULL),
	(77, '2024-02-05 12:06:17', 1, '0009309531', 'conferma_intervento', '0', '2024-02-05 11:06:17', '2024-02-05 11:06:17', NULL),
	(78, '2024-02-05 14:27:00', 1, '0009309531', 'last_barcode', '051035300191', '2024-02-05 13:27:00', '2024-02-05 13:27:00', NULL),
	(79, '2024-02-06 08:34:23', 1, '0009309531', 'last_barcode', '051020800194', '2024-02-06 07:34:23', '2024-02-06 07:34:23', NULL),
	(80, '2024-02-06 09:06:26', 1, '0009309531', 'last_barcode', '051020300199', '2024-02-06 08:06:26', '2024-02-06 08:06:26', NULL),
	(81, '2024-02-06 09:19:31', 1, '0036518789', 'richiesta_manutenzione', '12', '2024-02-06 08:19:31', '2024-02-06 08:19:31', NULL),
	(82, '2024-02-06 09:23:48', 1, '0009309531', 'conferma_intervento', '0', '2024-02-06 08:23:48', '2024-02-06 08:23:48', NULL),
	(83, '2024-02-06 09:55:07', 1, '0009309531', 'last_barcode', '051013700197', '2024-02-06 08:55:07', '2024-02-06 08:55:07', NULL),
	(84, '2024-02-06 10:36:06', 1, '0009309531', 'last_barcode', '051020200192', '2024-02-06 09:36:06', '2024-02-06 09:36:06', NULL),
	(85, '2024-02-06 11:14:36', 1, '0009309531', 'last_barcode', '051020600183', '2024-02-06 10:14:36', '2024-02-06 10:14:36', NULL),
	(86, '2024-02-06 14:08:47', 1, '0009309531', 'last_barcode', '051025100190', '2024-02-06 13:08:47', '2024-02-06 13:08:47', NULL),
	(87, '2024-02-06 15:01:13', 1, '0009309531', 'last_barcode', '051034900194', '2024-02-06 14:01:13', '2024-02-06 14:01:13', NULL),
	(88, '2024-02-07 08:51:10', 1, '0009309531', 'last_barcode', '051031700193', '2024-02-07 07:51:10', '2024-02-07 07:51:10', NULL),
	(89, '2024-02-07 10:57:04', 1, '0009309531', 'last_barcode', '051025200197', '2024-02-07 09:57:04', '2024-02-07 09:57:04', NULL),
	(90, '2024-02-07 12:20:40', 1, '0009309531', 'last_barcode', '051035000190', '2024-02-07 11:20:40', '2024-02-07 11:20:40', NULL),
	(91, '2024-02-07 14:32:11', 1, '0009309531', 'last_barcode', '051035200194', '2024-02-07 13:32:11', '2024-02-07 13:32:11', NULL),
	(92, '2024-02-08 09:37:18', 1, '0009309531', 'last_barcode', '051157300192', '2024-02-08 08:37:18', '2024-02-08 08:37:18', NULL),
	(93, '2024-02-08 10:09:06', 1, '0009309531', 'last_barcode', '051080400198', '2024-02-08 09:09:06', '2024-02-08 09:09:06', NULL),
	(94, '2024-02-08 14:23:14', 1, '0009309531', 'last_barcode', '051156900195', '2024-02-08 13:23:14', '2024-02-08 13:23:14', NULL),
	(95, '2024-02-08 14:55:01', 1, '0009309531', 'last_barcode', '051157500196', '2024-02-08 13:55:01', '2024-02-08 13:55:01', NULL),
	(96, '2024-02-08 15:50:34', 1, '0009309531', 'last_barcode', '051156300193', '2024-02-08 14:50:34', '2024-02-08 14:50:34', NULL),
	(97, '2024-02-08 16:02:13', 1, '0009309531', 'last_barcode', '051157000191', '2024-02-08 15:02:13', '2024-02-08 15:02:13', NULL),
	(98, '2024-02-09 09:37:40', 1, '0009309531', 'last_barcode', '051017200198', '2024-02-09 08:37:40', '2024-02-09 08:37:40', NULL),
	(99, '2024-02-09 10:20:12', 1, '0009309531', 'last_barcode', '051018500198', '2024-02-09 09:20:12', '2024-02-09 09:20:12', NULL),
	(100, '2024-02-09 10:49:12', 1, '0009309531', 'last_barcode', '051018500198', '2024-02-09 09:49:12', '2024-02-09 09:49:12', NULL),
	(101, '2024-02-09 10:49:25', 1, '0009309531', 'last_barcode', '051018500198', '2024-02-09 09:49:25', '2024-02-09 09:49:25', NULL),
	(102, '2024-02-09 13:16:34', 1, '0009309531', 'last_barcode', '050178900190', '2024-02-09 12:16:34', '2024-02-09 12:16:34', NULL),
	(103, '2024-02-12 11:03:40', 1, '0009309531', 'last_barcode', '050178800193', '2024-02-12 10:03:40', '2024-02-12 10:03:40', NULL),
	(104, '2024-02-12 12:20:38', 1, '0009309531', 'last_barcode', '051112500193', '2024-02-12 11:20:38', '2024-02-12 11:20:38', NULL),
	(105, '2024-02-12 14:26:15', 1, '0009309531', 'last_barcode', '051157300192', '2024-02-12 13:26:15', '2024-02-12 13:26:15', NULL),
	(106, '2024-02-12 14:32:46', 1, '0009309531', 'last_barcode', '051112500193', '2024-02-12 13:32:46', '2024-02-12 13:32:46', NULL),
	(107, '2024-02-13 07:39:15', 1, '0009309531', 'last_barcode', '051079800183', '2024-02-13 06:39:15', '2024-02-13 06:39:15', NULL),
	(108, '2024-02-13 10:14:23', 1, '0009309531', 'last_barcode', '050179400187', '2024-02-13 09:14:23', '2024-02-13 09:14:23', NULL),
	(109, '2024-02-13 12:43:01', 1, '0009309531', 'last_barcode', '050179000196', '2024-02-13 11:43:01', '2024-02-13 11:43:01', NULL),
	(110, '2024-02-14 11:23:01', 1, '0009309531', 'last_barcode', '051049200197', '2024-02-14 10:23:01', '2024-02-14 10:23:01', NULL),
	(111, '2024-02-14 12:19:33', 1, '0009309531', 'last_barcode', '051024000194', '2024-02-14 11:19:33', '2024-02-14 11:19:33', NULL),
	(112, '2024-02-16 08:23:09', 1, '0009309531', 'last_barcode', '051158500188', '2024-02-16 07:23:09', '2024-02-16 07:23:09', NULL),
	(113, '2024-02-16 08:27:49', 1, '0009309531', 'last_barcode', '051162700185', '2024-02-16 07:27:49', '2024-02-16 07:27:49', NULL),
	(114, '2024-02-16 08:50:25', 1, '0009309531', 'last_barcode', '051030400193', '2024-02-16 07:50:25', '2024-02-16 07:50:25', NULL),
	(115, '2024-02-16 11:19:40', 1, '0009309531', 'last_barcode', '051162700192', '2024-02-16 10:19:40', '2024-02-16 10:19:40', NULL),
	(116, '2024-02-16 11:44:34', 1, '0009309531', 'last_barcode', '051167500193', '2024-02-16 10:44:34', '2024-02-16 10:44:34', NULL),
	(117, '2024-02-16 12:32:55', 1, '0009309531', 'last_barcode', '051096600193', '2024-02-16 11:32:55', '2024-02-16 11:32:55', NULL),
	(118, '2024-02-16 15:44:30', 1, '0036518309', 'richiesta_manutenzione', '1', '2024-02-16 14:44:30', '2024-02-16 14:44:30', NULL),
	(119, '2024-02-16 15:48:05', 1, '0009309531', 'conferma_intervento', '0', '2024-02-16 14:48:05', '2024-02-16 14:48:05', NULL),
	(120, '2024-02-19 08:06:25', 1, '0009309531', 'last_barcode', '051172600192', '2024-02-19 07:06:25', '2024-02-19 07:06:25', NULL),
	(121, '2024-02-19 09:43:07', 1, '0009309531', 'last_barcode', '051106600199', '2024-02-19 08:43:07', '2024-02-19 08:43:07', NULL),
	(122, '2024-02-19 10:25:50', 1, '0009309531', 'last_barcode', '051027900293', '2024-02-19 09:25:50', '2024-02-19 09:25:50', NULL),
	(123, '2024-02-19 14:42:17', 1, '0009309531', 'last_barcode', '051034200195', '2024-02-19 13:42:17', '2024-02-19 13:42:17', NULL),
	(124, '2024-02-20 07:46:03', 1, '0009309531', 'last_barcode', '051158500195', '2024-02-20 06:46:03', '2024-02-20 06:46:03', NULL),
	(125, '2024-02-20 08:41:19', 1, '0009309531', 'last_barcode', '051097200194', '2024-02-20 07:41:19', '2024-02-20 07:41:19', NULL),
	(126, '2024-02-21 08:17:13', 1, '0009309531', 'last_barcode', '051171900194', '2024-02-21 07:17:13', '2024-02-21 07:17:13', NULL),
	(127, '2024-02-21 10:52:39', 1, '0009309531', 'last_barcode', '051172200187', '2024-02-21 09:52:39', '2024-02-21 09:52:39', NULL),
	(128, '2024-02-21 14:49:43', 1, '0009309531', 'last_barcode', '051142900185', '2024-02-21 13:49:43', '2024-02-21 13:49:43', NULL),
	(129, '2024-02-21 14:56:08', 1, '0009309531', 'last_barcode', '051155900189', '2024-02-21 13:56:08', '2024-02-21 13:56:08', NULL),
	(130, '2024-02-22 10:08:36', 1, '0009309531', 'last_barcode', '051033700184', '2024-02-22 09:08:36', '2024-02-22 09:08:36', NULL),
	(131, '2024-02-22 14:59:12', 1, '0009309531', 'last_barcode', '051173100189', '2024-02-22 13:59:12', '2024-02-22 13:59:12', NULL),
	(132, '2024-02-23 15:50:00', 1, '0025711610', 'last_barcode', '051159000144', '2024-02-23 14:50:00', '2024-02-23 14:50:00', NULL),
	(133, '2024-02-26 07:36:37', 1, '0025711610', 'last_barcode', '051105300182', '2024-02-26 06:36:37', '2024-02-26 06:36:37', NULL),
	(134, '2024-02-26 10:55:22', 1, '0025711610', 'last_barcode', '051177600180', '2024-02-26 09:55:22', '2024-02-26 09:55:22', NULL),
	(135, '2024-02-26 13:00:04', 1, '0025711610', 'last_barcode', '051177900181', '2024-02-26 12:00:04', '2024-02-26 12:00:04', NULL),
	(136, '2024-02-26 14:25:19', 1, '0025711610', 'last_barcode', '051032000193', '2024-02-26 13:25:19', '2024-02-26 13:25:19', NULL),
	(137, '2024-02-26 14:46:58', 1, '0025711610', 'last_barcode', '051177500183', '2024-02-26 13:46:58', '2024-02-26 13:46:58', NULL),
	(138, '2024-02-27 09:20:29', 1, '0025711610', 'last_barcode', '051094100183', '2024-02-27 08:20:29', '2024-02-27 08:20:29', NULL),
	(139, '2024-02-27 12:50:34', 1, '0025711610', 'last_barcode', '051095100182', '2024-02-27 11:50:34', '2024-02-27 11:50:34', NULL),
	(140, '2024-02-27 14:20:19', 1, '0025711610', 'last_barcode', '051095200189', '2024-02-27 13:20:19', '2024-02-27 13:20:19', NULL),
	(141, '2024-02-28 15:55:16', 1, '0025711610', 'last_barcode', '051095600187', '2024-02-28 14:55:16', '2024-02-28 14:55:16', NULL),
	(142, '2024-02-29 10:31:49', 1, '0025711610', 'last_barcode', '051199900183', '2024-02-29 09:31:49', '2024-02-29 09:31:49', NULL),
	(143, '2024-02-29 11:58:04', 1, '0025711610', 'last_barcode', '051100900189', '2024-02-29 10:58:04', '2024-02-29 10:58:04', NULL),
	(144, '2024-02-29 15:10:05', 1, '0025711610', 'last_barcode', '051100600188', '2024-02-29 14:10:05', '2024-02-29 14:10:05', NULL),
	(145, '2024-03-01 08:58:56', 1, '0025711610', 'last_barcode', '051055600189', '2024-03-01 07:58:56', '2024-03-01 07:58:56', NULL),
	(146, '2024-03-01 10:48:24', 1, '0025711610', 'last_barcode', '051101100182', '2024-03-01 09:48:24', '2024-03-01 09:48:24', NULL),
	(147, '2024-03-01 11:39:31', 1, '0025711610', 'last_barcode', '051099600183', '2024-03-01 10:39:31', '2024-03-01 10:39:31', NULL),
	(148, '2024-03-04 09:44:35', 1, '0025711610', 'last_barcode', '051101700184', '2024-03-04 08:44:35', '2024-03-04 08:44:35', NULL),
	(149, '2024-03-05 15:37:33', 1, '0025711610', 'last_barcode', '051099300182', '2024-03-05 14:37:33', '2024-03-05 14:37:33', NULL),
	(150, '2024-03-06 10:01:29', 1, '0025711610', 'last_barcode', '051096700183', '2024-03-06 09:01:29', '2024-03-06 09:01:29', NULL),
	(151, '2024-03-06 11:58:07', 1, '0025711610', 'last_barcode', '051101400183', '2024-03-06 10:58:07', '2024-03-06 10:58:07', NULL),
	(152, '2024-03-06 12:53:43', 1, '0025711610', 'last_barcode', '051109000187', '2024-03-06 11:53:43', '2024-03-06 11:53:43', NULL),
	(153, '2024-03-06 13:59:32', 1, '0025711610', 'last_barcode', '051095500180', '2024-03-06 12:59:32', '2024-03-06 12:59:32', NULL),
	(154, '2024-03-06 14:32:22', 1, '0025711610', 'last_barcode', '051109100184', '2024-03-06 13:32:22', '2024-03-06 13:32:22', NULL),
	(155, '2024-03-06 15:05:37', 1, '0025711610', 'last_barcode', '051101800181', '2024-03-06 14:05:37', '2024-03-06 14:05:37', NULL),
	(156, '2024-03-07 10:03:22', 1, '0025711610', 'last_barcode', '051103300184', '2024-03-07 09:03:22', '2024-03-07 09:03:22', NULL),
	(157, '2024-03-07 14:18:51', 1, '0025711610', 'last_barcode', '051103200187', '2024-03-07 13:18:51', '2024-03-07 13:18:51', NULL),
	(158, '2024-03-07 15:25:04', 1, '0036518309', 'richiesta_manutenzione', '1', '2024-03-07 14:25:04', '2024-03-07 14:25:04', NULL),
	(159, '2024-03-07 15:28:21', 1, '0009309531', 'conferma_intervento', '0', '2024-03-07 14:28:21', '2024-03-07 14:28:21', NULL),
	(160, '2024-03-08 09:29:15', 1, '0025715981', 'richiesta_manutenzione', '1', '2024-03-08 08:29:15', '2024-03-08 08:29:15', NULL),
	(161, '2024-03-08 09:33:23', 1, '0025711970', 'conferma_intervento', '0', '2024-03-08 08:33:23', '2024-03-08 08:33:23', NULL),
	(162, '2024-03-08 11:24:11', 1, '0025711970', 'last_barcode', '051177500183', '2024-03-08 10:24:11', '2024-03-08 10:24:11', NULL),
	(163, '2024-03-08 15:40:45', 1, '0025711970', 'last_barcode', '051107700188', '2024-03-08 14:40:45', '2024-03-08 14:40:45', NULL),
	(164, '2024-03-11 07:57:41', 1, '0025711970', 'last_barcode', '051103400181', '2024-03-11 06:57:41', '2024-03-11 06:57:41', NULL),
	(165, '2024-03-11 09:46:21', 1, '0025711970', 'last_barcode', '051103000183', '2024-03-11 08:46:21', '2024-03-11 08:46:21', NULL),
	(166, '2024-03-11 10:10:38', 1, '0025711970', 'last_barcode', '051103500188', '2024-03-11 09:10:38', '2024-03-11 09:10:38', NULL),
	(167, '2024-03-11 15:24:24', 1, '0025711970', 'last_barcode', '051102800180', '2024-03-11 14:24:24', '2024-03-11 14:24:24', NULL),
	(168, '2024-03-12 07:47:22', 1, '0025711970', 'last_barcode', '051055700186', '2024-03-12 06:47:22', '2024-03-12 06:47:22', NULL),
	(169, '2024-03-12 07:58:17', 1, '0025711970', 'last_barcode', '051055700186', '2024-03-12 06:58:17', '2024-03-12 06:58:17', NULL),
	(170, '2024-03-12 07:58:30', 1, '0025711970', 'last_barcode', '051055800183', '2024-03-12 06:58:30', '2024-03-12 06:58:30', NULL),
	(171, '2024-03-12 08:07:12', 1, '0025711970', 'last_barcode', '051107600181', '2024-03-12 07:07:12', '2024-03-12 07:07:12', NULL),
	(172, '2024-03-12 08:07:26', 1, '0025711970', 'last_barcode', '051107500184', '2024-03-12 07:07:26', '2024-03-12 07:07:26', NULL),
	(173, '2024-03-13 07:54:41', 1, '0025711970', 'last_barcode', '051179300187', '2024-03-13 06:54:41', '2024-03-13 06:54:41', NULL),
	(174, '2024-03-13 09:32:37', 1, '0025711970', 'last_barcode', '051098700181', '2024-03-13 08:32:37', '2024-03-13 08:32:37', NULL),
	(175, '2024-03-13 11:21:13', 1, '0025711970', 'last_barcode', '051096700183', '2024-03-13 10:21:13', '2024-03-13 10:21:13', NULL),
	(176, '2024-03-14 07:37:05', 1, '0025711970', 'last_barcode', '051184500183', '2024-03-14 06:37:05', '2024-03-14 06:37:05', NULL),
	(177, '2024-03-14 08:06:45', 1, '0025711970', 'last_barcode', '051037600183', '2024-03-14 07:06:45', '2024-03-14 07:06:45', NULL),
	(178, '2024-03-14 08:50:57', 1, '0025711970', 'last_barcode', '051037700180', '2024-03-14 07:50:57', '2024-03-14 07:50:57', NULL),
	(179, '2024-03-14 09:24:25', 1, '0009309531', 'richiesta_manutenzione', '1', '2024-03-14 08:24:25', '2024-03-14 08:24:25', NULL),
	(180, '2024-03-14 09:26:10', 1, '0025711970', 'conferma_intervento', '0', '2024-03-14 08:26:10', '2024-03-14 08:26:10', NULL),
	(181, '2024-03-14 10:42:08', 1, '0025711970', 'last_barcode', '051037800187', '2024-03-14 09:42:08', '2024-03-14 09:42:08', NULL),
	(182, '2024-03-15 11:47:15', 1, '0036518309', 'richiesta_manutenzione', '1', '2024-03-15 10:47:15', '2024-03-15 10:47:15', NULL),
	(183, '2024-03-15 11:55:21', 1, '0036518309', 'last_barcode', '051107700188', '2024-03-15 10:55:21', '2024-03-15 10:55:21', NULL),
	(184, '2024-03-15 11:59:05', 1, '0025711970', 'conferma_intervento', '0', '2024-03-15 10:59:05', '2024-03-15 10:59:05', NULL),
	(185, '2024-03-18 10:35:51', 1, '0009309531', 'richiesta_manutenzione', '12', '2024-03-18 09:35:51', '2024-03-18 09:35:51', NULL),
	(186, '2024-03-18 10:54:25', 1, '0025711970', 'conferma_intervento', '0', '2024-03-18 09:54:25', '2024-03-18 09:54:25', NULL),
	(187, '2024-03-18 10:55:43', 1, '0025711970', 'last_barcode', '051112100188', '2024-03-18 09:55:43', '2024-03-18 09:55:43', NULL),
	(188, '2024-03-18 12:23:44', 1, '0025711970', 'last_barcode', '051112200185', '2024-03-18 11:23:44', '2024-03-18 11:23:44', NULL),
	(189, '2024-03-18 15:27:03', 1, '0025711970', 'last_barcode', '051112300182', '2024-03-18 14:27:03', '2024-03-18 14:27:03', NULL),
	(190, '2024-03-19 08:08:07', 1, '0025711970', 'last_barcode', '051077000189', '2024-03-19 07:08:07', '2024-03-19 07:08:07', NULL),
	(191, '2024-03-19 08:41:47', 1, '0025711970', 'last_barcode', '051175600182', '2024-03-19 07:41:47', '2024-03-19 07:41:47', NULL),
	(192, '2024-03-19 11:00:30', 1, '0025711970', 'last_barcode', '051077800185', '2024-03-19 10:00:30', '2024-03-19 10:00:30', NULL),
	(193, '2024-03-19 11:59:53', 1, '0025711970', 'last_barcode', '051181900184', '2024-03-19 10:59:53', '2024-03-19 10:59:53', NULL),
	(194, '2024-03-19 13:09:11', 1, '0025711970', 'last_barcode', '051077400187', '2024-03-19 12:09:11', '2024-03-19 12:09:11', NULL),
	(195, '2024-03-20 07:43:06', 1, '0025711970', 'last_barcode', '051197700181', '2024-03-20 06:43:06', '2024-03-20 06:43:06', NULL),
	(196, '2024-03-20 11:13:51', 1, '0025711970', 'last_barcode', '051039300180', '2024-03-20 10:13:51', '2024-03-20 10:13:51', NULL),
	(197, '2024-03-21 07:30:57', 1, '0009309531', 'richiesta_manutenzione', '1', '2024-03-21 06:30:57', '2024-03-21 06:30:57', NULL),
	(198, '2024-03-21 07:48:59', 1, '0009309531', 'conferma_intervento', '0', '2024-03-21 06:48:59', '2024-03-21 06:48:59', NULL),
	(199, '2024-03-21 08:33:43', 1, '0009309531', 'last_barcode', '051216600188', '2024-03-21 07:33:43', '2024-03-21 07:33:43', NULL),
	(200, '2024-03-21 11:32:05', 1, '0009309531', 'last_barcode', '051078900181', '2024-03-21 10:32:05', '2024-03-21 10:32:05', NULL),
	(201, '2024-03-21 13:15:19', 1, '0009309531', 'last_barcode', '051111800188', '2024-03-21 12:15:19', '2024-03-21 12:15:19', NULL),
	(202, '2024-03-22 07:53:21', 1, '0009309531', 'last_barcode', '051214600180', '2024-03-22 06:53:21', '2024-03-22 06:53:21', NULL),
	(203, '2024-03-22 08:42:33', 1, '0009309531', 'last_barcode', '051099300199', '2024-03-22 07:42:33', '2024-03-22 07:42:33', NULL),
	(204, '2024-03-22 08:51:48', 1, '0009309531', 'last_barcode', '051214700187', '2024-03-22 07:51:48', '2024-03-22 07:51:48', NULL),
	(205, '2024-03-22 09:52:43', 1, '0009309531', 'last_barcode', '051181600183', '2024-03-22 08:52:43', '2024-03-22 08:52:43', NULL),
	(206, '2024-03-22 09:59:47', 1, '0036518309', 'richiesta_manutenzione', '1', '2024-03-22 08:59:47', '2024-03-22 08:59:47', NULL),
	(207, '2024-03-22 14:14:34', 1, '0036518309', 'last_barcode', '051214700187', '2024-03-22 13:14:34', '2024-03-22 13:14:34', NULL),
	(208, '2024-03-26 07:50:38', 1, '0036518309', 'last_barcode', '051219300184', '2024-03-26 06:50:38', '2024-03-26 06:50:38', NULL),
	(209, '2024-03-26 07:50:57', 1, '0009309531', 'conferma_intervento', '0', '2024-03-26 06:50:57', '2024-03-26 06:50:57', NULL),
	(210, '2024-03-26 15:35:48', 1, '0009309531', 'last_barcode', '051249300185', '2024-03-26 14:35:48', '2024-03-26 14:35:48', NULL),
	(211, '2024-03-26 17:04:14', 1, '0009309531', 'last_barcode', '051080300184', '2024-03-26 16:04:14', '2024-03-26 16:04:14', NULL),
	(212, '2024-03-26 17:04:24', 1, '0009309531', 'last_barcode', '051080300184', '2024-03-26 16:04:24', '2024-03-26 16:04:24', NULL),
	(213, '2024-03-26 17:04:37', 1, '0009309531', 'last_barcode', '051248800181', '2024-03-26 16:04:37', '2024-03-26 16:04:37', NULL),
	(214, '2024-03-26 17:04:48', 1, '0009309531', 'last_barcode', '051080300184', '2024-03-26 16:04:48', '2024-03-26 16:04:48', NULL),
	(215, '2024-03-26 17:04:57', 1, '0009309531', 'last_barcode', '051248800181', '2024-03-26 16:04:57', '2024-03-26 16:04:57', NULL),
	(216, '2024-03-26 17:05:18', 1, '0009309531', 'last_barcode', '051080300184', '2024-03-26 16:05:18', '2024-03-26 16:05:18', NULL),
	(217, '2024-03-27 08:40:13', 1, '0009309531', 'last_barcode', '051248800181', '2024-03-27 07:40:13', '2024-03-27 07:40:13', NULL),
	(218, '2024-03-27 08:40:21', 1, '0009309531', 'last_barcode', '051080300184', '2024-03-27 07:40:21', '2024-03-27 07:40:21', NULL),
	(219, '2024-03-27 09:52:45', 1, '0009309531', 'last_barcode', '051248200189', '2024-03-27 08:52:45', '2024-03-27 08:52:45', NULL),
	(220, '2024-03-27 12:09:00', 1, '0009309531', 'last_barcode', '051101500180', '2024-03-27 11:09:00', '2024-03-27 11:09:00', NULL),
	(221, '2024-03-27 12:54:53', 1, '0009309531', 'last_barcode', '051208500182', '2024-03-27 11:54:53', '2024-03-27 11:54:53', NULL),
	(222, '2024-03-27 14:18:46', 1, '0025715981', 'richiesta_manutenzione', '1', '2024-03-27 13:18:46', '2024-03-27 13:18:46', NULL),
	(223, '2024-03-27 15:39:54', 1, '0025711970', 'conferma_intervento', '0', '2024-03-27 14:39:54', '2024-03-27 14:39:54', NULL),
	(224, '2024-03-28 12:33:59', 1, '0025711970', 'last_barcode', '051184900181', '2024-03-28 11:33:59', '2024-03-28 11:33:59', NULL),
	(225, '2024-03-28 12:53:51', 1, '0025711970', 'last_barcode', '051185400185', '2024-03-28 11:53:51', '2024-03-28 11:53:51', NULL),
	(226, '2024-03-28 14:59:51', 1, '0025711970', 'last_barcode', '051185300188', '2024-03-28 13:59:51', '2024-03-28 13:59:51', NULL),
	(227, '2024-03-29 07:40:06', 1, '0025711970', 'last_barcode', '051245600180', '2024-03-29 06:40:06', '2024-03-29 06:40:06', NULL),
	(228, '2024-03-29 08:18:54', 1, '0025711970', 'last_barcode', '051260100184', '2024-03-29 07:18:54', '2024-03-29 07:18:54', NULL),
	(229, '2024-03-29 09:10:39', 1, '0025711970', 'last_barcode', '051244700188', '2024-03-29 08:10:39', '2024-03-29 08:10:39', NULL),
	(230, '2024-03-29 09:29:03', 1, '0025711970', 'last_barcode', '051261500181', '2024-03-29 08:29:03', '2024-03-29 08:29:03', NULL),
	(231, '2024-03-29 09:43:16', 1, '0025711970', 'last_barcode', '051244700188', '2024-03-29 08:43:16', '2024-03-29 08:43:16', NULL),
	(232, '2024-03-29 11:51:13', 1, '0025711970', 'last_barcode', '051245500183', '2024-03-29 10:51:13', '2024-03-29 10:51:13', NULL),
	(233, '2024-04-02 07:42:11', 1, '0025711970', 'last_barcode', '051245000188', '2024-04-02 05:42:11', '2024-04-02 05:42:11', NULL),
	(234, '2024-04-02 07:42:40', 1, '0025711970', 'last_barcode', '051245200182', '2024-04-02 05:42:40', '2024-04-02 05:42:40', NULL),
	(235, '2024-04-02 07:43:14', 1, '0025711970', 'last_barcode', '051245100185', '2024-04-02 05:43:14', '2024-04-02 05:43:14', NULL),
	(236, '2024-04-02 07:43:27', 1, '0025711970', 'last_barcode', '051245400186', '2024-04-02 05:43:27', '2024-04-02 05:43:27', NULL),
	(237, '2024-04-02 07:48:46', 1, '0025711970', 'last_barcode', '051245000188', '2024-04-02 05:48:46', '2024-04-02 05:48:46', NULL),
	(238, '2024-04-02 08:06:02', 1, '0025711970', 'last_barcode', '051193300187', '2024-04-02 06:06:02', '2024-04-02 06:06:02', NULL),
	(239, '2024-04-02 08:15:31', 1, '0025711970', 'last_barcode', '051192100184', '2024-04-02 06:15:31', '2024-04-02 06:15:31', NULL),
	(240, '2024-04-02 08:15:53', 1, '0025711970', 'last_barcode', '051192000187', '2024-04-02 06:15:53', '2024-04-02 06:15:53', NULL),
	(241, '2024-04-02 08:50:07', 1, '0025711970', 'last_barcode', '051245200182', '2024-04-02 06:50:07', '2024-04-02 06:50:07', NULL),
	(242, '2024-04-02 10:48:35', 1, '0025711970', 'last_barcode', '051261700185', '2024-04-02 08:48:35', '2024-04-02 08:48:35', NULL),
	(243, '2024-04-02 13:19:57', 1, '0009309531', 'richiesta_manutenzione', '1', '2024-04-02 11:19:57', '2024-04-02 11:19:57', NULL),
	(244, '2024-04-02 13:29:58', 1, '0009309531', 'conferma_intervento', '0', '2024-04-02 11:29:58', '2024-04-02 11:29:58', NULL),
	(245, '2024-04-03 08:03:48', 1, '0009309531', 'last_barcode', '051192500182', '2024-04-03 06:03:48', '2024-04-03 06:03:48', NULL),
	(246, '2024-04-03 08:19:05', 1, '0009309531', 'last_barcode', '051192900180', '2024-04-03 06:19:05', '2024-04-03 06:19:05', NULL),
	(247, '2024-04-03 10:29:51', 1, '0009309531', 'last_barcode', '051112000181', '2024-04-03 08:29:51', '2024-04-03 08:29:51', NULL),
	(248, '2024-04-03 15:06:52', 1, '0009309531', 'last_barcode', '051254400184', '2024-04-03 13:06:52', '2024-04-03 13:06:52', NULL),
	(249, '2024-04-04 09:43:56', 1, '0009309531', 'last_barcode', '051197200186', '2024-04-04 07:43:56', '2024-04-04 07:43:56', NULL),
	(250, '2024-04-04 14:12:37', 1, '0009309531', 'last_barcode', '051250900152', '2024-04-04 12:12:37', '2024-04-04 12:12:37', NULL),
	(251, '2024-04-05 07:52:57', 1, '0009309531', 'richiesta_manutenzione', '1', '2024-04-05 05:52:57', '2024-04-05 05:52:57', NULL),
	(252, '2024-04-05 08:02:04', 1, '0009309531', 'conferma_intervento', '0', '2024-04-05 06:02:04', '2024-04-05 06:02:04', NULL),
	(253, '2024-04-05 08:17:14', 1, '0009309531', 'last_barcode', '051255000185', '2024-04-05 06:17:14', '2024-04-05 06:17:14', NULL),
	(254, '2024-04-05 08:17:20', 1, '0009309531', 'last_barcode', '051251400187', '2024-04-05 06:17:20', '2024-04-05 06:17:20', NULL),
	(255, '2024-04-05 11:55:15', 1, '0009309531', 'last_barcode', '051196600185', '2024-04-05 09:55:15', '2024-04-05 09:55:15', NULL),
	(256, '2024-04-05 12:14:26', 1, '0009309531', 'last_barcode', '051268400187', '2024-04-05 10:14:26', '2024-04-05 10:14:26', NULL),
	(257, '2024-04-09 08:39:02', 1, '0009309531', 'last_barcode', '051272200186', '2024-04-09 06:39:02', '2024-04-09 06:39:02', NULL),
	(258, '2024-04-09 09:16:07', 1, '0009309531', 'last_barcode', '051251700188', '2024-04-09 07:16:07', '2024-04-09 07:16:07', NULL),
	(259, '2024-04-09 12:26:42', 1, '0009309531', 'last_barcode', '051271900186', '2024-04-09 10:26:42', '2024-04-09 10:26:42', NULL),
	(260, '2024-04-09 13:15:15', 1, '0009309531', 'last_barcode', '051240600185', '2024-04-09 11:15:15', '2024-04-09 11:15:15', NULL),
	(261, '2024-04-09 13:21:42', 1, '0009309531', 'last_barcode', '051267900183', '2024-04-09 11:21:42', '2024-04-09 11:21:42', NULL),
	(262, '2024-04-09 14:53:20', 1, '0009309531', 'last_barcode', '051252900181', '2024-04-09 12:53:20', '2024-04-09 12:53:20', NULL),
	(263, '2024-04-09 15:55:12', 1, '0009309531', 'last_barcode', '051252300189', '2024-04-09 13:55:12', '2024-04-09 13:55:12', NULL),
	(264, '2024-04-10 08:12:12', 1, '0025715981', 'richiesta_manutenzione', '1', '2024-04-10 06:12:12', '2024-04-10 06:12:12', NULL),
	(265, '2024-04-10 10:53:05', 1, '0025711970', 'conferma_intervento', '0', '2024-04-10 08:53:05', '2024-04-10 08:53:05', NULL),
	(266, '2024-04-10 11:18:06', 1, '0025711970', 'last_barcode', '051097700182', '2024-04-10 09:18:06', '2024-04-10 09:18:06', NULL),
	(267, '2024-04-10 11:38:00', 1, '0025711970', 'last_barcode', '051097000183', '2024-04-10 09:38:00', '2024-04-10 09:38:00', NULL),
	(268, '2024-04-12 09:52:54', 1, '0025711970', 'last_barcode', '051192100184', '2024-04-12 07:52:54', '2024-04-12 07:52:54', NULL),
	(269, '2024-04-12 10:54:44', 1, '0025711970', 'last_barcode', '051203500187', '2024-04-12 08:54:44', '2024-04-12 08:54:44', NULL),
	(270, '2024-04-12 10:54:50', 1, '0025711970', 'last_barcode', '051203600184', '2024-04-12 08:54:50', '2024-04-12 08:54:50', NULL),
	(271, '2024-04-12 11:36:31', 1, '0009309531', 'richiesta_manutenzione', '1', '2024-04-12 09:36:31', '2024-04-12 09:36:31', NULL),
	(272, '2024-04-15 12:03:43', 1, '0009309531', 'last_barcode', '051245200199', '2024-04-15 10:03:43', '2024-04-15 10:03:43', NULL),
	(273, '2024-04-15 15:13:38', 1, '0009309531', 'last_barcode', '051282100186', '2024-04-15 13:13:38', '2024-04-15 13:13:38', NULL),
	(274, '2024-04-17 09:30:35', 1, '0009309531', 'last_barcode', '051214800184', '2024-04-17 07:30:35', '2024-04-17 07:30:35', NULL),
	(275, '2024-04-17 10:06:24', 1, '0009309531', 'last_barcode', '051215500182', '2024-04-17 08:06:24', '2024-04-17 08:06:24', NULL),
	(276, '2024-04-17 10:51:14', 1, '0009309531', 'last_barcode', '051243600182', '2024-04-17 08:51:14', '2024-04-17 08:51:14', NULL),
	(277, '2024-04-17 12:01:05', 1, '0009309531', 'last_barcode', '051214900181', '2024-04-17 10:01:05', '2024-04-17 10:01:05', NULL),
	(278, '2024-04-17 12:40:58', 1, '0009309531', 'last_barcode', '051215500182', '2024-04-17 10:40:58', '2024-04-17 10:40:58', NULL),
	(279, '2024-04-18 09:50:19', 1, '0009309531', 'last_barcode', '051203700181', '2024-04-18 07:50:19', '2024-04-18 07:50:19', NULL),
	(280, '2024-04-18 10:39:07', 1, '0009309531', 'last_barcode', '051214900181', '2024-04-18 08:39:07', '2024-04-18 08:39:07', NULL),
	(281, '2024-04-19 09:01:26', 1, '0009309531', 'last_barcode', '051275600181', '2024-04-19 07:01:26', '2024-04-19 07:01:26', NULL),
	(282, '2024-04-19 11:32:11', 1, '0009309531', 'last_barcode', '051302800188', '2024-04-19 09:32:11', '2024-04-19 09:32:11', NULL),
	(283, '2024-04-22 07:37:21', 1, '0009309531', 'conferma_intervento', '0', '2024-04-22 05:37:21', '2024-04-22 05:37:21', NULL),
	(284, '2024-04-22 08:26:13', 1, '0009309531', 'last_barcode', '051284400185', '2024-04-22 06:26:13', '2024-04-22 06:26:13', NULL),
	(285, '2024-04-23 08:11:30', 1, '0009309531', 'last_barcode', '051282900182', '2024-04-23 06:11:30', '2024-04-23 06:11:30', NULL),
	(286, '2024-04-23 11:15:12', 1, '0009309531', 'last_barcode', '051214900181', '2024-04-23 09:15:12', '2024-04-23 09:15:12', NULL),
	(287, '2024-04-24 09:15:37', 1, '0009309531', 'last_barcode', '051280500186', '2024-04-24 07:15:37', '2024-04-24 07:15:37', NULL),
	(288, '2024-04-29 07:47:17', 1, '0009309531', 'last_barcode', '051275900182', '2024-04-29 05:47:17', '2024-04-29 05:47:17', NULL),
	(289, '2024-04-29 10:47:36', 1, '0009309531', 'last_barcode', '051272800188', '2024-04-29 08:47:36', '2024-04-29 08:47:36', NULL),
	(290, '2024-04-30 11:56:33', 1, '0009309531', 'last_barcode', '051302400180', '2024-04-30 09:56:33', '2024-04-30 09:56:33', NULL),
	(291, '2024-04-30 14:29:21', 1, '0009309531', 'last_barcode', '051311500185', '2024-04-30 12:29:21', '2024-04-30 12:29:21', NULL),
	(292, '2024-05-02 08:16:38', 1, '0009309531', 'last_barcode', '051270300185', '2024-05-02 06:16:38', '2024-05-02 06:16:38', NULL),
	(293, '2024-05-02 12:43:09', 1, '0009309531', 'last_barcode', '051289700181', '2024-05-02 10:43:09', '2024-05-02 10:43:09', NULL),
	(294, '2024-05-03 08:55:02', 1, '0009309531', 'last_barcode', '051312400187', '2024-05-03 06:55:02', '2024-05-03 06:55:02', NULL),
	(295, '2024-05-08 08:09:13', 1, '0009309531', 'last_barcode', '051322800182', '2024-05-08 06:09:13', '2024-05-08 06:09:13', NULL),
	(296, '2024-05-10 08:27:28', 1, '0009309531', 'last_barcode', '051343900144', '2024-05-10 06:27:28', '2024-05-10 06:27:28', NULL),
	(297, '2024-05-10 10:29:23', 1, '0009309531', 'last_barcode', '051348300185', '2024-05-10 08:29:23', '2024-05-10 08:29:23', NULL),
	(298, '2024-05-10 10:49:38', 1, '0009309531', 'last_barcode', '051344200182', '2024-05-10 08:49:38', '2024-05-10 08:49:38', NULL),
	(299, '2024-05-10 14:44:01', 1, '0009309531', 'last_barcode', '051339700185', '2024-05-10 12:44:01', '2024-05-10 12:44:01', NULL),
	(300, '2024-05-10 15:28:24', 1, '0009309531', 'last_barcode', '051292200180', '2024-05-10 13:28:24', '2024-05-10 13:28:24', NULL),
	(301, '2024-05-13 08:10:15', 1, '0009309531', 'last_barcode', '051341200185', '2024-05-13 06:10:15', '2024-05-13 06:10:15', NULL),
	(302, '2024-05-13 08:15:53', 1, '0009309531', 'last_barcode', '051296200186', '2024-05-13 06:15:53', '2024-05-13 06:15:53', NULL),
	(303, '2024-10-18 17:10:36', 0, '', 'richiesta_intervento', '1', '2024-10-18 17:10:36', NULL, NULL),
	(304, '2024-10-18 17:10:40', 0, '', 'richiesta_filato', '1', '2024-10-18 17:10:40', NULL, NULL),
	(305, '2024-10-18 17:15:59', 0, '', 'richiesta_intervento', '1', '2024-10-18 17:15:59', NULL, NULL),
	(306, '2024-10-21 09:37:42', 0, '', 'richiesta_intervento', '1', '2024-10-21 09:37:42', NULL, NULL),
	(307, '2024-10-21 09:40:13', 0, '', 'richiesta_intervento', '1', '2024-10-21 09:40:13', NULL, NULL),
	(308, '2024-10-21 09:45:41', 0, '', 'richiesta_intervento', '1', '2024-10-21 09:45:41', NULL, NULL),
	(309, '2024-10-21 09:46:29', 0, '', 'richiesta_filato', '1', '2024-10-21 09:46:29', NULL, NULL),
	(310, '2024-10-21 09:47:11', 0, '', 'richiesta_filato', '1', '2024-10-21 09:47:11', NULL, NULL),
	(311, '2024-10-21 09:49:33', 0, '', 'richiesta_intervento', '1', '2024-10-21 09:49:33', NULL, NULL),
	(312, '2024-10-21 09:50:26', 0, '', 'richiesta_intervento', '1', '2024-10-21 09:50:26', NULL, NULL),
	(313, '2024-10-21 09:50:51', 0, '', 'richiesta_intervento', '1', '2024-10-21 09:50:51', NULL, NULL),
	(314, '2024-10-21 09:52:37', 0, '', 'richiesta_intervento', '1', '2024-10-21 09:52:37', NULL, NULL),
	(315, '2024-10-21 09:53:30', 0, '', 'richiesta_intervento', '1', '2024-10-21 09:53:30', NULL, NULL),
	(316, '2024-10-21 09:57:37', 0, '', 'richiesta_intervento', '1', '2024-10-21 09:57:37', NULL, NULL),
	(317, '2024-10-21 09:58:23', 0, '', 'richiesta_intervento', '1', '2024-10-21 09:58:23', NULL, NULL),
	(318, '2024-10-21 10:00:48', 0, '', 'richiesta_intervento', '1', '2024-10-21 10:00:48', NULL, NULL),
	(319, '2024-10-21 10:01:44', 0, '', 'richiesta_intervento', '1', '2024-10-21 10:01:44', NULL, NULL),
	(320, '2024-10-21 10:03:02', 0, '', 'richiesta_intervento', '1', '2024-10-21 10:03:02', NULL, NULL),
	(321, '2024-10-21 10:03:02', 0, '', 'richiesta_intervento', '1', '2024-10-21 10:03:02', NULL, NULL),
	(322, '2024-10-21 10:03:46', 0, '', 'richiesta_intervento', '1', '2024-10-21 10:03:46', NULL, NULL),
	(323, '2024-10-21 10:04:17', 0, '', 'richiesta_intervento', '1', '2024-10-21 10:04:17', NULL, NULL),
	(324, '2024-10-21 10:04:36', 0, '', 'richiesta_intervento', '1', '2024-10-21 10:04:36', NULL, NULL),
	(325, '2024-10-21 10:06:20', 0, '', 'richiesta_intervento', '1', '2024-10-21 10:06:20', NULL, NULL),
	(326, '2024-10-21 10:06:44', 0, '', 'richiesta_intervento', '1', '2024-10-21 10:06:44', NULL, NULL),
	(327, '2024-10-21 10:07:41', 0, '', 'richiesta_intervento', '1', '2024-10-21 10:07:41', NULL, NULL),
	(328, '2024-10-21 10:08:10', 0, '', 'richiesta_intervento', '1', '2024-10-21 10:08:10', NULL, NULL),
	(329, '2024-10-21 10:08:48', 0, '', 'richiesta_intervento', '1', '2024-10-21 10:08:48', NULL, NULL),
	(330, '2024-10-21 10:09:59', 0, '', 'richiesta_intervento', '1', '2024-10-21 10:09:59', NULL, NULL),
	(331, '2024-10-21 10:10:21', 0, '', 'richiesta_intervento', '1', '2024-10-21 10:10:21', NULL, NULL),
	(332, '2024-10-21 10:11:35', 0, '', 'richiesta_intervento', '1', '2024-10-21 10:11:35', NULL, NULL),
	(333, '2024-10-21 10:13:38', 0, '', 'richiesta_intervento', '1', '2024-10-21 10:13:38', NULL, NULL),
	(334, '2024-10-21 10:14:20', 0, '', 'richiesta_intervento', '1', '2024-10-21 10:14:20', NULL, NULL),
	(335, '2024-10-21 10:14:53', 0, '', 'richiesta_intervento', '1', '2024-10-21 10:14:53', NULL, NULL),
	(336, '2024-10-21 10:20:26', 0, '', 'richiesta_intervento', '1', '2024-10-21 10:20:26', NULL, NULL),
	(337, '2024-10-21 10:21:24', 0, '', 'richiesta_intervento', '1', '2024-10-21 10:21:24', NULL, NULL),
	(338, '2024-10-21 10:21:55', 0, '', 'richiesta_intervento', '1', '2024-10-21 10:21:55', NULL, NULL),
	(339, '2024-10-21 10:26:11', 0, '', 'richiesta_intervento', '1', '2024-10-21 10:26:11', NULL, NULL),
	(340, '2024-10-21 10:27:22', 0, '', 'richiesta_intervento', '1', '2024-10-21 10:27:22', NULL, NULL),
	(341, '2024-10-21 10:29:34', 0, '', 'richiesta_intervento', '1', '2024-10-21 10:29:34', NULL, NULL),
	(342, '2024-10-21 10:29:54', 0, '', 'richiesta_intervento', '1', '2024-10-21 10:29:54', NULL, NULL),
	(343, '2024-10-21 10:32:30', 0, '', 'richiesta_intervento', '1', '2024-10-21 10:32:30', NULL, NULL),
	(344, '2024-10-21 10:33:49', 0, '', 'richiesta_intervento', '1', '2024-10-21 10:33:49', NULL, NULL),
	(345, '2024-10-21 10:35:59', 0, '', 'richiesta_intervento', '1', '2024-10-21 10:35:59', NULL, NULL),
	(346, '2024-10-21 10:38:10', 0, '', 'richiesta_intervento', '1', '2024-10-21 10:38:10', NULL, NULL),
	(347, '2024-10-21 10:38:40', 0, '', 'richiesta_intervento', '1', '2024-10-21 10:38:40', NULL, NULL),
	(348, '2024-10-21 10:41:16', 0, '', 'richiesta_intervento', '1', '2024-10-21 10:41:16', NULL, NULL),
	(349, '2024-10-21 10:44:18', 0, '', 'richiesta_intervento', '1', '2024-10-21 10:44:18', NULL, NULL),
	(350, '2024-10-21 10:52:28', 0, '', 'richiesta_intervento', '1', '2024-10-21 10:52:28', NULL, NULL),
	(351, '2024-10-21 10:52:36', 0, '', 'richiesta_filato', '1', '2024-10-21 10:52:36', NULL, NULL),
	(352, '2024-10-21 10:54:07', 0, '', 'richiesta_filato', '1', '2024-10-21 10:54:07', NULL, NULL),
	(353, '2024-10-21 11:13:51', 0, '', 'richiesta_intervento', '1', '2024-10-21 11:13:51', NULL, NULL),
	(354, '2024-10-21 11:16:55', 0, '', 'richiesta_filato', '1', '2024-10-21 11:16:55', NULL, NULL),
	(355, '2024-10-21 11:18:12', 0, '', 'richiesta_filato', '1', '2024-10-21 11:18:12', NULL, NULL),
	(356, '2024-10-21 11:18:44', 0, '', 'richiesta_intervento', '1', '2024-10-21 11:18:44', NULL, NULL),
	(357, '2024-10-21 11:18:44', 0, '', 'richiesta_intervento', '1', '2024-10-21 11:18:44', NULL, NULL),
	(358, '2024-10-21 11:20:50', 0, '', 'richiesta_spola', '1', '2024-10-21 11:20:50', NULL, NULL),
	(359, '2024-10-21 11:25:04', 0, '', 'richiesta_spola', '1', '2024-10-21 11:25:04', NULL, NULL),
	(360, '2024-10-21 11:25:21', 0, '', 'richiesta_filato', '1', '2024-10-21 11:25:21', NULL, NULL),
	(361, '2024-10-21 11:25:25', 0, '', 'richiesta_intervento', '1', '2024-10-21 11:25:25', NULL, NULL),
	(362, '2024-10-21 11:25:32', 0, '', 'richiesta_spola', '1', '2024-10-21 11:25:32', NULL, NULL),
	(363, '2024-10-21 11:27:45', 0, '', 'cambio_spola', '1', '2024-10-21 11:27:45', NULL, NULL),
	(364, '2024-10-21 11:50:39', 0, '', 'cambio_spola', '1', '2024-10-21 11:50:39', NULL, NULL),
	(365, '2024-10-21 11:52:48', 0, '', 'cambio_spola', '676.24', '2024-10-21 11:52:48', NULL, NULL),
	(366, '2024-10-21 11:53:58', 0, '', 'cambio_spola', '1', '2024-10-21 11:53:58', NULL, NULL),
	(367, '2024-10-21 11:54:06', 0, '', 'cambio_spola', '1', '2024-10-21 11:54:06', NULL, NULL),
	(368, '2024-10-21 12:10:16', 0, '', 'cambio_spola', '1', '2024-10-21 12:10:16', NULL, NULL),
	(369, '2024-10-21 12:41:58', 0, '', 'parametro_spola', '5', '2024-10-21 12:41:58', NULL, NULL),
	(370, '2024-10-21 12:43:23', 0, '', 'parametro_spola', '676.24', '2024-10-21 12:43:23', NULL, NULL),
	(371, '2024-10-21 12:45:07', 0, '', 'parametro_spola', '5', '2024-10-21 12:45:07', NULL, NULL),
	(372, '2024-10-21 12:45:16', 0, '', 'parametro_spola', '676.24', '2024-10-21 12:45:16', NULL, NULL),
	(373, '2024-10-21 12:46:32', 0, '', 'parametro_spola', '676.24', '2024-10-21 12:46:32', NULL, NULL),
	(374, '2024-10-21 12:51:05', 0, '', 'parametro_spola', '676.24', '2024-10-21 12:51:05', NULL, NULL),
	(375, '2024-10-21 12:52:18', 0, '', 'parametro_spola', '676.24', '2024-10-21 12:52:18', NULL, NULL),
	(376, '2024-10-21 12:55:34', 0, '', 'parametro_spola', '5', '2024-10-21 12:55:34', NULL, NULL),
	(377, '2024-10-21 12:55:40', 0, '', 'parametro_spola', '676.24', '2024-10-21 12:55:40', NULL, NULL),
	(378, '2024-10-21 12:55:46', 0, '', 'parametro_spola', '5', '2024-10-21 12:55:46', NULL, NULL),
	(379, '2024-10-21 12:55:52', 0, '', 'parametro_spola', '676.24', '2024-10-21 12:55:52', NULL, NULL),
	(380, '2024-10-21 12:59:11', 0, '', 'parametro_spola', '676.24', '2024-10-21 12:59:11', NULL, NULL),
	(381, '2024-10-21 12:59:53', 0, '', 'parametro_spola', '5', '2024-10-21 12:59:53', NULL, NULL),
	(382, '2024-10-21 13:00:08', 0, '', 'parametro_spola', '676.24', '2024-10-21 13:00:08', NULL, NULL),
	(383, '2024-10-21 13:02:41', 0, '', 'parametro_spola', '5', '2024-10-21 13:02:41', NULL, NULL),
	(384, '2024-10-21 13:03:28', 0, '', 'parametro_spola', '676.24', '2024-10-21 13:03:28', NULL, NULL),
	(385, '2024-10-21 13:04:56', 0, '', 'parametro_spola', '5', '2024-10-21 13:04:56', NULL, NULL),
	(386, '2024-10-21 13:05:43', 0, '', 'parametro_spola', '676.24', '2024-10-21 13:05:43', NULL, NULL),
	(387, '2024-10-21 13:05:55', 0, '', 'parametro_spola', '5', '2024-10-21 13:05:55', NULL, NULL),
	(388, '2024-10-21 13:11:26', 0, '', 'richiesta_filato', '1', '2024-10-21 13:11:26', NULL, NULL),
	(389, '2024-10-21 13:11:30', 0, '', 'richiesta_intervento', '1', '2024-10-21 13:11:30', NULL, NULL),
	(390, '2024-10-21 13:15:22', 0, '', 'richiesta_filato', '1', '2024-10-21 13:15:22', NULL, NULL),
	(391, '2024-10-21 13:15:26', 0, '', 'richiesta_intervento', '1', '2024-10-21 13:15:26', NULL, NULL),
	(392, '2024-10-21 14:55:09', 1, '0010452223', 'id_operatore', '0010452223', '2024-10-21 12:55:09', '2024-10-21 12:55:09', NULL),
	(393, '2024-10-21 14:56:16', 1, '0010452223', 'id_operatore', '0010452223', '2024-10-21 12:56:16', '2024-10-21 12:56:16', NULL),
	(394, '2024-10-21 15:19:34', 1, '0010452223', 'id_operatore', '0010452223', '2024-10-21 13:19:34', '2024-10-21 13:19:34', NULL),
	(395, '2024-10-21 16:32:42', 1, '0010452223', 'id_operatore', '0010452223', '2024-10-21 14:32:42', '2024-10-21 14:32:42', NULL),
	(396, '2024-10-21 16:33:45', 1, '0010452223', 'id_operatore', '0010452223', '2024-10-21 14:33:45', '2024-10-21 14:33:45', NULL),
	(397, '2024-10-21 16:37:33', 1, '0010452223', 'id_operatore', '0010452223', '2024-10-21 14:37:33', '2024-10-21 14:37:33', NULL),
	(398, '2024-10-25 12:19:17', 1, '0010452223', 'id_operatore', '0010452223', '2024-10-25 10:19:17', '2024-10-25 10:19:17', NULL),
	(399, '2024-10-25 12:52:39', 1, '0010452223', 'id_operatore', '0010452223', '2024-10-25 10:52:39', '2024-10-25 10:52:39', NULL),
	(400, '2024-10-25 16:35:25', 1, '0010452223', 'id_operatore', '0010452223', '2024-10-25 14:35:25', '2024-10-25 14:35:25', NULL),
	(401, '2024-10-28 10:28:17', 1, '0010452223', 'id_operatore', '0010452223', '2024-10-28 09:28:17', '2024-10-28 09:28:17', NULL),
	(402, '2024-10-28 10:28:31', 1, '0010452223', 'id_operatore', '0010452223', '2024-10-28 09:28:31', '2024-10-28 09:28:31', NULL),
	(403, '2024-10-28 10:55:02', 1, '0010452223', 'id_operatore', '0010452223', '2024-10-28 09:55:02', '2024-10-28 09:55:02', NULL),
	(404, '2024-10-28 15:05:38', 1, '0010452223', 'id_operatore', '0010452223', '2024-10-28 14:05:38', '2024-10-28 14:05:38', NULL),
	(405, '2024-10-28 17:13:07', 1, '0010452223', 'id_operatore', '0010452223', '2024-10-28 16:13:07', '2024-10-28 16:13:07', NULL),
	(406, '2024-10-29 09:44:08', 1, '0010452223', 'id_operatore', '0010452223', '2024-10-29 08:44:08', '2024-10-29 08:44:08', NULL),
	(407, '2024-10-29 09:56:48', 1, '0010452223', 'parametro_spola', '5', '2024-10-29 08:56:48', '2024-10-29 08:56:48', NULL),
	(408, '2024-10-29 09:56:48', 1, '0010452223', 'fattore_taratura', '72', '2024-10-29 08:56:48', '2024-10-29 08:56:48', NULL),
	(409, '2024-10-29 09:56:55', 1, '0010452223', 'parametro_spola', '5', '2024-10-29 08:56:55', '2024-10-29 08:56:55', NULL),
	(410, '2024-10-29 09:56:55', 1, '0010452223', 'fattore_taratura', '72', '2024-10-29 08:56:55', '2024-10-29 08:56:55', NULL),
	(411, '2024-10-29 09:56:58', 1, '0010452223', 'parametro_spola', '5', '2024-10-29 08:56:58', '2024-10-29 08:56:58', NULL),
	(412, '2024-10-29 09:56:58', 1, '0010452223', 'fattore_taratura', '72', '2024-10-29 08:56:58', '2024-10-29 08:56:58', NULL),
	(413, '2024-10-29 09:57:04', 1, '0010452223', 'parametro_spola', '5', '2024-10-29 08:57:04', '2024-10-29 08:57:04', NULL),
	(414, '2024-10-29 09:57:04', 1, '0010452223', 'fattore_taratura', '72', '2024-10-29 08:57:04', '2024-10-29 08:57:04', NULL),
	(415, '2024-10-29 09:57:07', 1, '0010452223', 'parametro_spola', '5', '2024-10-29 08:57:07', '2024-10-29 08:57:07', NULL),
	(416, '2024-10-29 09:57:07', 1, '0010452223', 'fattore_taratura', '72', '2024-10-29 08:57:07', '2024-10-29 08:57:07', NULL),
	(417, '2024-10-29 09:57:08', 1, '0010452223', 'parametro_spola', '5', '2024-10-29 08:57:08', '2024-10-29 08:57:08', NULL),
	(418, '2024-10-29 09:57:08', 1, '0010452223', 'fattore_taratura', '72', '2024-10-29 08:57:08', '2024-10-29 08:57:08', NULL),
	(419, '2024-10-29 14:56:07', 1, '0010452223', 'id_operatore', '0010452223', '2024-10-29 13:56:07', '2024-10-29 13:56:07', NULL),
	(420, '2024-10-29 15:43:29', 1, '0010452223', 'id_operatore', '0010452223', '2024-10-29 14:43:29', '2024-10-29 14:43:29', NULL),
	(421, '2024-10-29 16:21:33', 1, '0010452223', 'id_operatore', '0010452223', '2024-10-29 15:21:33', '2024-10-29 15:21:33', NULL),
	(422, '2024-10-29 17:27:28', 1, '0010452223', 'parametro_spola', '5', '2024-10-29 16:27:28', '2024-10-29 16:27:28', NULL),
	(423, '2024-10-29 17:27:28', 1, '0010452223', 'fattore_taratura', '72', '2024-10-29 16:27:28', '2024-10-29 16:27:28', NULL),
	(424, '2024-10-30 08:46:22', 1, '0010452223', 'id_operatore', '0010452223', '2024-10-30 07:46:22', '2024-10-30 07:46:22', NULL),
	(425, '2024-10-30 09:07:12', 1, '0010452223', 'id_operatore', '0010452223', '2024-10-30 08:07:12', '2024-10-30 08:07:12', NULL),
	(426, '2024-10-30 09:09:43', 1, '0010452223', 'id_operatore', '0010452223', '2024-10-30 08:09:44', '2024-10-30 08:09:44', NULL),
	(427, '2024-10-30 09:12:35', 1, '0010452223', 'id_operatore', '0010452223', '2024-10-30 08:12:35', '2024-10-30 08:12:35', NULL),
	(428, '2024-10-30 09:43:18', 1, '0010452223', 'id_operatore', '0010452223', '2024-10-30 08:43:18', '2024-10-30 08:43:18', NULL),
	(429, '2024-10-30 10:11:27', 1, '0010452223', 'id_operatore', '0010452223', '2024-10-30 09:11:27', '2024-10-30 09:11:27', NULL),
	(430, '2024-10-30 10:13:07', 1, '0010452223', 'id_operatore', '0010452223', '2024-10-30 09:13:07', '2024-10-30 09:13:07', NULL),
	(431, '2024-10-30 13:01:10', 1, '0010452223', 'id_operatore', '0010452223', '2024-10-30 12:01:10', '2024-10-30 12:01:10', NULL),
	(432, '2024-10-30 13:04:36', 1, '0010452223', 'id_operatore', '0010452223', '2024-10-30 12:04:36', '2024-10-30 12:04:36', NULL),
	(433, '2024-10-30 13:11:57', 1, '0010452223', 'richiesta_filato', '1', '2024-10-30 12:11:57', '2024-10-30 12:11:57', NULL),
	(434, '2024-10-30 13:13:09', 1, '0010452223', 'richiesta_filato', '1', '2024-10-30 12:13:09', '2024-10-30 12:13:09', NULL),
	(435, '2024-10-30 13:22:10', 1, '0010452223', 'id_operatore', '0010452223', '2024-10-30 12:22:10', '2024-10-30 12:22:10', NULL),
	(436, '2024-10-30 14:16:30', 1, '0010452223', 'id_operatore', '0010452223', '2024-10-30 13:16:30', '2024-10-30 13:16:30', NULL),
	(437, '2024-10-30 14:23:40', 1, '0010452223', 'id_operatore', '0010452223', '2024-10-30 13:23:40', '2024-10-30 13:23:40', NULL),
	(438, '2024-10-30 14:28:08', 1, '0010452223', 'id_operatore', '0010452223', '2024-10-30 13:28:08', '2024-10-30 13:28:08', NULL),
	(439, '2024-10-30 14:43:26', 1, '0010452223', 'id_operatore', '0010452223', '2024-10-30 13:43:26', '2024-10-30 13:43:26', NULL),
	(440, '2024-10-30 14:47:14', 1, '0010452223', 'id_operatore', '0010452223', '2024-10-30 13:47:15', '2024-10-30 13:47:15', NULL),
	(441, '2024-10-30 16:04:24', 1, '0010452223', 'id_operatore', '0010452223', '2024-10-30 15:04:24', '2024-10-30 15:04:24', NULL),
	(442, '2024-10-30 17:35:50', 1, '0010452223', 'id_operatore', '0010452223', '2024-10-30 16:35:50', '2024-10-30 16:35:50', NULL),
	(443, '2024-10-30 17:38:23', 1, '0010452223', 'id_operatore', '0010452223', '2024-10-30 16:38:23', '2024-10-30 16:38:23', NULL),
	(444, '2024-10-30 17:40:18', 1, '0010452223', 'id_operatore', '0010452223', '2024-10-30 16:40:18', '2024-10-30 16:40:18', NULL),
	(445, '2024-10-31 08:58:19', 1, '0010452223', 'id_operatore', '0010452223', '2024-10-31 07:58:19', '2024-10-31 07:58:19', NULL),
	(446, '2024-10-31 09:00:33', 1, '0010452223', 'id_operatore', '0010452223', '2024-10-31 08:00:33', '2024-10-31 08:00:33', NULL),
	(447, '2024-10-31 09:12:39', 1, '0010452223', 'id_operatore', '0010452223', '2024-10-31 08:12:39', '2024-10-31 08:12:39', NULL),
	(448, '2024-10-31 09:42:28', 1, '0010452223', 'id_operatore', '0010452223', '2024-10-31 08:42:28', '2024-10-31 08:42:28', NULL),
	(449, '2024-10-31 10:25:02', 1, '0010452223', 'id_operatore', '0010452223', '2024-10-31 09:25:02', '2024-10-31 09:25:02', NULL),
	(450, '2024-10-31 10:26:44', 1, '0010452223', 'parametro_spola', '5', '2024-10-31 09:26:44', '2024-10-31 09:26:44', NULL),
	(451, '2024-10-31 10:26:44', 1, '0010452223', 'fattore_taratura', '1', '2024-10-31 09:26:44', '2024-10-31 09:26:44', NULL),
	(452, '2024-10-31 12:17:33', 1, '0010452223', 'id_operatore', '0010452223', '2024-10-31 11:17:33', '2024-10-31 11:17:33', NULL),
	(453, '2024-10-31 15:51:24', 1, '0010452223', 'id_operatore', '0010452223', '2024-10-31 14:51:24', '2024-10-31 14:51:24', NULL),
	(454, '2024-10-31 16:17:08', 1, '0010452223', 'id_operatore', '0010452223', '2024-10-31 15:17:08', '2024-10-31 15:17:08', NULL),
	(455, '2024-10-31 16:27:41', 1, '0010452223', 'id_operatore', '0010452223', '2024-10-31 15:27:41', '2024-10-31 15:27:41', NULL),
	(456, '2024-10-31 16:30:05', 1, '0010452223', 'data_cambio_spola', '31/10/2024 16:30:05', '2024-10-31 15:30:05', '2024-10-31 15:30:05', NULL),
	(457, '2024-11-04 09:03:02', 1, '0010452223', 'id_operatore', '0010452223', '2024-11-04 08:03:02', '2024-11-04 08:03:02', NULL),
	(458, '2024-11-04 10:09:37', 1, '0010452223', 'id_operatore', '0010452223', '2024-11-04 09:09:37', '2024-11-04 09:09:37', NULL),
	(459, '2024-11-04 10:24:11', 1, '0010452223', 'id_operatore', '0010452223', '2024-11-04 09:24:11', '2024-11-04 09:24:11', NULL),
	(460, '2024-11-04 12:35:53', 1, '0010452223', 'data_cambio_spola', '04/11/2024 12:35:53', '2024-11-04 11:35:53', '2024-11-04 11:35:53', NULL),
	(461, '2024-11-04 12:37:45', 1, '0010452223', 'data_cambio_spola', '04/11/2024 12:37:45', '2024-11-04 11:37:45', '2024-11-04 11:37:45', NULL),
	(462, '2024-11-04 12:39:14', 1, '0010452223', 'parametro_spola', '150', '2024-11-04 11:39:14', '2024-11-04 11:39:14', NULL),
	(463, '2024-11-04 12:39:14', 1, '0010452223', 'fattore_taratura', '1', '2024-11-04 11:39:14', '2024-11-04 11:39:14', NULL),
	(464, '2024-11-04 12:53:36', 1, '0010452223', 'id_operatore', '0010452223', '2024-11-04 11:53:36', '2024-11-04 11:53:36', NULL),
	(465, '2024-11-04 13:05:29', 1, '0010452223', 'id_operatore', '0010452223', '2024-11-04 12:05:29', '2024-11-04 12:05:29', NULL),
	(466, '2024-11-04 13:11:02', 1, '0010452223', 'id_operatore', '0010452223', '2024-11-04 12:11:02', '2024-11-04 12:11:02', NULL),
	(467, '2024-11-04 15:11:08', 1, '0010452223', 'id_operatore', '0010452223', '2024-11-04 14:11:08', '2024-11-04 14:11:08', NULL),
	(468, '2024-11-04 15:46:21', 1, '0010452223', 'id_operatore', '0010452223', '2024-11-04 14:46:21', '2024-11-04 14:46:21', NULL),
	(469, '2024-11-04 15:59:32', 1, '0010452223', 'id_operatore', '0010452223', '2024-11-04 14:59:32', '2024-11-04 14:59:32', NULL),
	(470, '2024-11-04 16:05:54', 1, '0010452223', 'id_operatore', '0010452223', '2024-11-04 15:05:54', '2024-11-04 15:05:54', NULL),
	(471, '2024-11-04 16:28:16', 1, '0010452223', 'id_operatore', '0010452223', '2024-11-04 15:28:16', '2024-11-04 15:28:16', NULL),
	(472, '2024-11-04 16:32:46', 1, '0010452223', 'richiesta_intervento', '1', '2024-11-04 15:32:46', '2024-11-04 15:32:46', NULL),
	(473, '2024-11-04 17:00:22', 1, '0010452223', 'data_cambio_spola', '04/11/2024 17:00:21', '2024-11-04 16:00:22', '2024-11-04 16:00:22', NULL),
	(474, '2024-11-05 09:08:01', 1, '0010452223', 'id_operatore', '0010452223', '2024-11-05 08:08:02', '2024-11-05 08:08:02', NULL),
	(475, '2024-11-05 10:35:10', 1, '0010452223', 'id_operatore', '0010452223', '2024-11-05 09:35:10', '2024-11-05 09:35:10', NULL),
	(476, '2024-11-05 10:48:52', 1, '0010452223', 'parametro_spola', '190', '2024-11-05 09:48:52', '2024-11-05 09:48:52', NULL),
	(477, '2024-11-05 10:48:52', 1, '0010452223', 'fattore_taratura', '1', '2024-11-05 09:48:52', '2024-11-05 09:48:52', NULL),
	(478, '2024-11-05 10:49:33', 1, '0010452223', 'data_cambio_spola', '05/11/2024 10:49:33', '2024-11-05 09:49:33', '2024-11-05 09:49:33', NULL),
	(479, '2024-11-05 11:00:22', 1, '0010452223', 'parametro_spola', '190', '2024-11-05 10:00:22', '2024-11-05 10:00:22', NULL),
	(480, '2024-11-05 11:00:22', 1, '0010452223', 'fattore_taratura', '78', '2024-11-05 10:00:22', '2024-11-05 10:00:22', NULL),
	(481, '2024-11-05 14:48:52', 1, '0010452223', 'id_operatore', '0010452223', '2024-11-05 13:48:52', '2024-11-05 13:48:52', NULL),
	(482, '2024-11-05 15:27:44', 1, '0010452223', 'data_cambio_spola', '05/11/2024 15:27:44', '2024-11-05 14:27:44', '2024-11-05 14:27:44', NULL),
	(483, '2024-11-05 17:18:57', 1, '0010452223', 'data_cambio_spola', '05/11/2024 17:18:57', '2024-11-05 16:18:57', '2024-11-05 16:18:57', NULL),
	(484, '2024-11-06 11:04:52', 1, '0010452223', 'id_operatore', '0010452223', '2024-11-06 10:04:52', '2024-11-06 10:04:52', NULL),
	(485, '2024-11-06 16:49:07', 1, '0010452223', 'id_operatore', '0010452223', '2024-11-06 15:49:07', '2024-11-06 15:49:07', NULL),
	(486, '2024-11-07 13:13:01', 1, '0010452223', 'id_operatore', '0010452223', '2024-11-07 12:13:01', '2024-11-07 12:13:01', NULL),
	(487, '2024-11-07 14:16:50', 1, '0010452223', 'id_operatore', '0010452223', '2024-11-07 13:16:50', '2024-11-07 13:16:50', NULL),
	(488, '2024-11-07 15:11:11', 1, '0010452223', 'id_operatore', '0010452223', '2024-11-07 14:11:11', '2024-11-07 14:11:11', NULL),
	(489, '2024-11-07 15:25:38', 1, '0010452223', 'alert_spola', '0', '2024-11-07 14:25:38', '2024-11-07 14:25:38', NULL),
	(490, '2024-11-07 15:25:41', 1, '0010452223', 'alert_spola', '0', '2024-11-07 14:25:41', '2024-11-07 14:25:41', NULL),
	(491, '2024-11-07 16:28:36', 1, '0010452223', 'data_cambio_spola', '07/11/2024 16:28:37', '2024-11-07 15:28:36', '2024-11-07 15:28:36', NULL),
	(492, '2024-11-07 17:34:34', 1, '0010452223', 'id_operatore', '0010452223', '2024-11-07 16:34:34', '2024-11-07 16:34:34', NULL),
	(493, '2024-11-08 08:51:41', 1, '0010452223', 'id_operatore', '0010452223', '2024-11-08 07:51:41', '2024-11-08 07:51:41', NULL),
	(494, '2024-11-08 09:38:19', 1, '0010452223', 'parametro_olio', '2', '2024-11-08 08:38:19', '2024-11-08 08:38:19', NULL),
	(495, '2024-11-08 09:38:19', 1, '0010452223', 'parametro_spola', '190', '2024-11-08 08:38:19', '2024-11-08 08:38:19', NULL),
	(496, '2024-11-08 09:38:19', 1, '0010452223', 'fattore_taratura', '78', '2024-11-08 08:38:19', '2024-11-08 08:38:19', NULL);

-- Dump della struttura di tabella raspberryprojects.log_orlatura
DROP TABLE IF EXISTS `log_orlatura`;
CREATE TABLE IF NOT EXISTS `log_orlatura` (
  `id` int(11) NOT NULL AUTO_INCREMENT,
  `id_macchina` int(11) NOT NULL,
  `id_operatore` varchar(50) NOT NULL,
  `consumo` float(11,2) NOT NULL DEFAULT 0.00,
  `tempo` int(11) NOT NULL DEFAULT 0,
  `commessa` varchar(255) NOT NULL,
  `data` datetime NOT NULL DEFAULT current_timestamp(),
  PRIMARY KEY (`id`)
) ENGINE=InnoDB AUTO_INCREMENT=368 DEFAULT CHARSET=utf8mb3 COLLATE=utf8mb3_general_ci;

-- Dump dei dati della tabella raspberryprojects.log_orlatura: ~185 rows (circa)
DELETE FROM `log_orlatura`;
INSERT INTO `log_orlatura` (`id`, `id_macchina`, `id_operatore`, `consumo`, `tempo`, `commessa`, `data`) VALUES
	(183, 1, '0010452223', 21.46, 2, 'abc', '2024-10-31 16:57:36'),
	(184, 1, '0010452223', 23.74, 2, 'abc', '2024-10-31 16:57:40'),
	(185, 1, '0010452223', 8.71, 2, 'abc', '2024-10-31 16:57:47'),
	(186, 1, '0010452223', 27.92, 5, 'abc', '2024-10-31 17:06:56'),
	(187, 1, '0010452223', 7.29, 1, 'abc', '2024-10-31 17:07:07'),
	(188, 1, '0010452223', 2.07, 1, 'abc', '2024-10-31 17:07:12'),
	(189, 1, '0010452223', 5.39, 1, 'abc', '2024-10-31 17:07:16'),
	(190, 1, '0010452223', 5.53, 3, 'abc', '2024-10-31 17:10:10'),
	(191, 1, '0010452223', 5.22, 1, 'abc', '2024-10-31 17:10:31'),
	(192, 1, '0010452223', 6.19, 1, 'abc', '2024-10-31 17:10:52'),
	(193, 1, '0010452223', -0.03, 1, 'abc', '2024-10-31 17:10:55'),
	(194, 1, '0010452223', 4.67, 1, 'abc', '2024-10-31 17:10:58'),
	(195, 1, '0010452223', -23.46, 1, 'abc', '2024-10-31 17:13:16'),
	(196, 1, '0010452223', -48.35, 2, 'abc', '2024-10-31 17:13:25'),
	(197, 1, '0010452223', 7.08, 2, 'abc', '2024-10-31 17:17:49'),
	(198, 1, '0010452223', -12.79, 2, 'abc', '2024-11-04 09:31:21'),
	(199, 1, '0010452223', 2.21, 3, 'abc', '2024-11-04 10:10:19'),
	(200, 1, '0010452223', 6.50, 2, 'abc', '2024-11-04 10:10:26'),
	(201, 1, '0010452223', 2.56, 2, 'abc', '2024-11-04 10:10:31'),
	(202, 1, '0010452223', -2.70, 1, 'abc', '2024-11-04 10:18:42'),
	(203, 1, '0010452223', 4.11, 2, 'abc', '2024-11-04 10:19:04'),
	(204, 1, '0010452223', -9.81, 1, 'abc', '2024-11-04 10:21:25'),
	(205, 1, '0010452223', 6.57, 2, 'abc', '2024-11-04 10:21:31'),
	(206, 1, '0010452223', 24.43, 5, 'abc', '2024-11-04 12:36:22'),
	(207, 1, '0010452223', 10.54, 1, 'abc', '2024-11-04 12:36:28'),
	(208, 1, '0010452223', 5.77, 4, 'abc', '2024-11-04 12:36:55'),
	(209, 1, '0010452223', 32.55, 4, 'abc', '2024-11-04 12:37:04'),
	(210, 1, '0010452223', 32.55, 2, 'abc', '2024-11-04 12:39:27'),
	(211, 1, '0010452223', 62.38, 2, 'abc', '2024-11-04 12:39:32'),
	(212, 1, '0010452223', 38.81, 6, 'abc', '2024-11-04 12:39:51'),
	(213, 1, '0010452223', 79.72, 7, 'abc', '2024-11-04 12:40:17'),
	(214, 1, '0010452223', 72.54, 3, 'abc', '2024-11-04 14:28:08'),
	(215, 1, '0010452223', 9.37, 1, 'abc', '2024-11-04 15:15:23'),
	(216, 1, '0010452223', 0.28, 4, 'abc', '2024-11-04 15:54:37'),
	(217, 1, '0010452223', 0.03, 1, 'abc', '2024-11-04 15:54:46'),
	(218, 1, '0010452223', -0.17, 1, 'abc', '2024-11-04 15:54:50'),
	(219, 1, '0010452223', 17.52, 1, 'abc', '2024-11-04 15:55:18'),
	(220, 1, '0010452223', 35.59, 2, 'abc', '2024-11-04 15:55:43'),
	(221, 1, '0010452223', 14.06, 2, 'abc', '2024-11-04 15:56:16'),
	(222, 1, '0010452223', 15.69, 1, 'abc', '2024-11-04 15:59:58'),
	(223, 1, '0010452223', 16.03, 2, 'abc', '2024-11-04 16:00:01'),
	(224, 1, '0010452223', 29.55, 2, 'abc', '2024-11-04 16:01:26'),
	(225, 1, '0010452223', 36.87, 4, 'abc', '2024-11-04 16:01:40'),
	(226, 1, '0010452223', 16.62, 2, 'abc', '2024-11-04 16:01:46'),
	(227, 1, '0010452223', 18.83, 2, 'abc', '2024-11-04 16:01:49'),
	(228, 1, '0010452223', 0.55, 2, 'abc', '2024-11-04 16:01:58'),
	(229, 1, '0010452223', 19.84, 1, 'abc', '2024-11-04 16:04:27'),
	(230, 1, '0010452223', -119.74, 3, 'abc', '2024-11-04 16:08:48'),
	(231, 1, '0010452223', -10.71, 1, 'abc', '2024-11-04 16:21:18'),
	(232, 1, '0010452223', -9.30, 1, 'abc', '2024-11-04 16:21:21'),
	(233, 1, '0010452223', -8.95, 1, 'abc', '2024-11-04 16:21:33'),
	(234, 1, '0010452223', 20.22, 2, 'abc', '2024-11-04 16:21:38'),
	(235, 1, '0010452223', -58.37, 3, 'abc', '2024-11-04 16:21:46'),
	(236, 1, '0010452223', -32.48, 2, 'abc', '2024-11-04 16:21:55'),
	(237, 1, '0010452223', -37.91, 2, 'abc', '2024-11-04 16:22:07'),
	(238, 1, '0010452223', -83.73, 4, 'abc', '2024-11-04 16:22:17'),
	(239, 1, '0010452223', -142.76, 8, 'abc', '2024-11-04 16:22:39'),
	(240, 1, '0010452223', 8.60, 1, 'abc', '2024-11-04 16:30:12'),
	(241, 1, '0010452223', 9.95, 1, 'abc', '2024-11-04 16:30:15'),
	(242, 1, '0010452223', 39.81, 2, 'abc', '2024-11-04 16:32:29'),
	(243, 1, '0010452223', 20.70, 2, 'abc', '2024-11-04 16:38:09'),
	(244, 1, '0010452223', 34.52, 2, 'abc', '2024-11-04 16:38:14'),
	(245, 1, '0010452223', 0.14, 2, 'abc', '2024-11-04 16:38:22'),
	(246, 1, '0010452223', 0.03, 1, 'abc', '2024-11-04 16:38:24'),
	(247, 1, '0010452223', 0.00, 2, 'abc', '2024-11-04 16:38:29'),
	(248, 1, '0010452223', 20.15, 3, 'abc', '2024-11-04 16:45:06'),
	(249, 1, '0010452223', 21.15, 2, 'abc', '2024-11-04 16:45:48'),
	(250, 1, '0010452223', -67.21, 3, 'abc', '2024-11-04 16:45:55'),
	(251, 1, '0010452223', 10.99, 2, 'abc', '2024-11-04 16:49:52'),
	(252, 1, '0010452223', 11.99, 1, 'abc', '2024-11-04 16:49:55'),
	(253, 1, '0010452223', 21.60, 2, 'abc', '2024-11-04 16:59:33'),
	(254, 1, '0010452223', 2.07, 4, 'abc', '2024-11-04 17:00:03'),
	(255, 1, '0010452223', 9.37, 1, 'abc', '2024-11-04 17:00:06'),
	(256, 1, '0010452223', 4.25, 1, 'abc', '2024-11-04 17:00:08'),
	(257, 1, '0010452223', 3.08, 1, 'abc', '2024-11-04 17:00:10'),
	(258, 1, '0010452223', 6.91, 3, 'abc', '2024-11-04 17:00:14'),
	(259, 1, '0010452223', 5.46, 2, 'abc', '2024-11-04 17:03:16'),
	(260, 1, '0010452223', 18.32, 3, 'abc', '2024-11-04 17:03:20'),
	(261, 1, '0010452223', 6.95, 2, 'abc', '2024-11-04 17:03:47'),
	(262, 1, '0010452223', 20.84, 4, 'abc', '2024-11-04 17:04:19'),
	(263, 1, '0010452223', 3.52, 1, 'abc', '2024-11-04 17:07:58'),
	(264, 1, '0010452223', 4.32, 2, 'abc', '2024-11-04 17:08:01'),
	(265, 1, '0010452223', 8.60, 2, 'abc', '2024-11-04 17:08:04'),
	(266, 1, '0010452223', 8.02, 1, 'abc', '2024-11-04 17:08:10'),
	(267, 1, '0010452223', 10.92, 1, 'abc', '2024-11-04 17:08:12'),
	(268, 1, '0010452223', 42.51, 2, 'abc', '2024-11-04 17:08:18'),
	(269, 1, '0010452223', 37.15, 2, 'abc', '2024-11-04 17:08:23'),
	(270, 1, '0010452223', 21.36, 2, 'abc', '2024-11-04 17:12:42'),
	(271, 1, '0010452223', 17.56, 2, 'abc', '2024-11-05 09:08:53'),
	(272, 1, '0010452223', 13.10, 1, 'abc', '2024-11-05 09:08:55'),
	(273, 1, '0010452223', 25.95, 1, 'abc', '2024-11-05 09:40:32'),
	(274, 1, '0010452223', 18.76, 2, 'abc', '2024-11-05 09:45:49'),
	(275, 1, '0010452223', 19.25, 1, 'abc', '2024-11-05 09:46:43'),
	(276, 1, '0010452223', 9.99, 5, 'abc', '2024-11-05 09:48:42'),
	(277, 1, '0010452223', 1.49, 4, 'abc', '2024-11-05 09:48:47'),
	(278, 1, '0010452223', 72.43, 6, 'abc', '2024-11-05 09:48:54'),
	(279, 1, '0010452223', 11.92, 1, 'abc', '2024-11-05 09:56:23'),
	(280, 1, '0010452223', 5.70, 2, 'abc', '2024-11-05 09:57:30'),
	(281, 1, '0010452223', 19.94, 6, 'abc', '2024-11-05 09:58:10'),
	(282, 1, '0010452223', 5.94, 2, 'abc', '2024-11-05 10:01:12'),
	(283, 1, '0010452223', 3.49, 2, 'abc', '2024-11-05 10:48:58'),
	(284, 1, '0010452223', 15.17, 2, 'abc', '2024-11-05 10:49:02'),
	(285, 1, '0010452223', 11.68, 2, 'abc', '2024-11-05 10:49:06'),
	(286, 1, '0010452223', 6.77, 1, 'abc', '2024-11-05 10:49:46'),
	(287, 1, '0010452223', 153.75, 4, 'abc', '2024-11-05 10:50:42'),
	(288, 1, '0010452223', 79.97, 3, 'abc', '2024-11-05 10:50:48'),
	(289, 1, '0010452223', 18.66, 1, 'abc', '2024-11-05 10:51:48'),
	(290, 1, '0010452223', 13.44, 1, 'abc', '2024-11-05 10:53:09'),
	(291, 1, '0010452223', 15.31, 2, 'abc', '2024-11-05 10:58:00'),
	(292, 1, '0010452223', 10.75, 2, 'abc', '2024-11-05 10:58:11'),
	(293, 1, '0010452223', 13.65, 1, 'abc', '2024-11-05 10:58:14'),
	(294, 1, '0010452223', 11.33, 2, 'abc', '2024-11-05 11:00:28'),
	(295, 1, '0010452223', 1471.73, 3, 'abc', '2024-11-05 14:19:00'),
	(296, 1, '0010452223', 121.30, 1, 'abc', '2024-11-05 14:19:05'),
	(297, 1, '0010452223', 7391.02, 4, 'abc', '2024-11-05 15:27:57'),
	(298, 1, '0010452223', 1.75, 1, 'abc', '2024-11-05 17:19:30'),
	(299, 1, '0010452223', 3.94, 1, 'abc', '2024-11-05 17:19:35'),
	(300, 1, '0010452223', 2.88, 1, 'abc', '2024-11-05 17:19:37'),
	(301, 1, '0010452223', 7.12, 2, 'abc', '2024-11-05 17:19:41'),
	(302, 1, '0010452223', 20.49, 4, 'abc', '2024-11-05 17:19:47'),
	(303, 1, '0010452223', 40.81, 3, 'abc', '2024-11-05 17:19:52'),
	(304, 1, '0010452223', 25.34, 2, 'abc', '2024-11-05 17:20:03'),
	(305, 1, '0010452223', 64.04, 6, 'abc', '2024-11-05 17:20:11'),
	(306, 1, '0010452223', 23.02, 1, 'abc', '2024-11-05 17:20:16'),
	(307, 1, '0010452223', 6.60, 2, 'abc', '2024-11-05 17:20:21'),
	(308, 1, '0010452223', 0.97, 1, 'abc', '2024-11-07 15:08:32'),
	(309, 1, '0010452223', 1.62, 1, 'abc', '2024-11-07 15:11:17'),
	(310, 1, '0010452223', 0.92, 1, 'abc', '2024-11-07 15:14:08'),
	(311, 1, '0010452223', 0.43, 2, 'abc', '2024-11-07 15:18:46'),
	(312, 1, '0010452223', 0.70, 1, 'abc', '2024-11-07 15:18:56'),
	(313, 1, '0010452223', 0.59, 1, 'abc', '2024-11-07 15:19:04'),
	(314, 1, '0010452223', 0.16, 1, 'abc', '2024-11-07 15:19:25'),
	(315, 1, '0010452223', 0.92, 2, 'abc', '2024-11-07 15:19:38'),
	(316, 1, '0010452223', 0.38, 1, 'abc', '2024-11-07 15:19:48'),
	(317, 1, '0010452223', 0.22, 1, 'abc', '2024-11-07 15:19:56'),
	(318, 1, '0010452223', 0.11, 1, 'abc', '2024-11-07 15:20:00'),
	(319, 1, '0010452223', 0.16, 1, 'abc', '2024-11-07 15:20:03'),
	(320, 1, '0010452223', 0.27, 2, 'abc', '2024-11-07 15:20:06'),
	(321, 1, '0010452223', 0.22, 1, 'abc', '2024-11-07 15:20:08'),
	(322, 1, '0010452223', 0.05, 1, 'abc', '2024-11-07 15:20:10'),
	(323, 1, '0010452223', 0.43, 1, 'abc', '2024-11-07 15:20:16'),
	(324, 1, '0010452223', 0.16, 1, 'abc', '2024-11-07 15:20:19'),
	(325, 1, '0010452223', 0.05, 1, 'abc', '2024-11-07 15:20:23'),
	(326, 1, '0010452223', 0.11, 1, 'abc', '2024-11-07 15:20:27'),
	(327, 1, '0010452223', 0.05, 1, 'abc', '2024-11-07 15:20:35'),
	(328, 1, '0010452223', 0.49, 1, 'abc', '2024-11-07 15:20:46'),
	(329, 1, '0010452223', 0.54, 1, 'abc', '2024-11-07 15:20:49'),
	(330, 1, '0010452223', 1.56, 2, 'abc', '2024-11-07 15:20:52'),
	(331, 1, '0010452223', 0.54, 1, 'abc', '2024-11-07 15:20:57'),
	(332, 1, '0010452223', 0.54, 1, 'abc', '2024-11-07 15:21:01'),
	(333, 1, '0010452223', 1.08, 2, 'abc', '2024-11-07 15:21:05'),
	(334, 1, '0010452223', 0.32, 1, 'abc', '2024-11-07 15:25:35'),
	(335, 1, '0010452223', 0.59, 2, 'abc', '2024-11-07 15:26:21'),
	(336, 1, '0010452223', 0.32, 1, 'abc', '2024-11-07 15:26:34'),
	(337, 1, '0010452223', 0.54, 1, 'abc', '2024-11-07 15:33:07'),
	(338, 1, '0010452223', 0.86, 2, 'abc', '2024-11-07 15:33:12'),
	(339, 1, '0010452223', 0.97, 2, 'abc', '2024-11-07 15:33:16'),
	(340, 1, '0010452223', 4.53, 4, 'abc', '2024-11-07 15:33:21'),
	(341, 1, '0010452223', 1.29, 1, 'abc', '2024-11-07 15:33:31'),
	(342, 1, '0010452223', 0.54, 2, 'abc', '2024-11-07 15:33:34'),
	(343, 1, '0010452223', 0.22, 1, 'abc', '2024-11-07 15:35:29'),
	(344, 1, '0010452223', 0.22, 1, 'abc', '2024-11-07 15:37:18'),
	(345, 1, '0010452223', 0.11, 1, 'abc', '2024-11-07 15:48:11'),
	(346, 1, '0010452223', 0.05, 1, 'abc', '2024-11-07 15:48:16'),
	(347, 1, '0010452223', 0.59, 1, 'abc', '2024-11-07 15:48:20'),
	(348, 1, '0010452223', 1.78, 1, 'abc', '2024-11-07 15:48:25'),
	(349, 1, '0010452223', 0.81, 1, 'abc', '2024-11-07 15:48:29'),
	(350, 1, '0010452223', 0.65, 1, 'abc', '2024-11-07 15:48:35'),
	(351, 1, '0010452223', 0.75, 1, 'abc', '2024-11-07 15:51:33'),
	(352, 1, '0010452223', 1.51, 1, 'abc', '2024-11-07 15:52:08'),
	(353, 1, '0010452223', 1.89, 1, 'abc', '2024-11-07 15:52:17'),
	(354, 1, '0010452223', 0.05, 1, 'abc', '2024-11-07 15:52:27'),
	(355, 1, '0010452223', 1.08, 1, 'abc', '2024-11-07 15:52:52'),
	(356, 1, '0010452223', 0.16, 2, 'abc', '2024-11-07 15:52:56'),
	(357, 1, '0010452223', 0.16, 2, 'abc', '2024-11-07 15:52:59'),
	(358, 1, '0010452223', 1.40, 2, 'abc', '2024-11-07 15:53:02'),
	(359, 1, '0010452223', 2.43, 1, 'abc', '2024-11-07 15:53:16'),
	(360, 1, '0010452223', 0.32, 1, 'abc', '2024-11-07 16:19:27'),
	(361, 1, '0010452223', 2.26, 1, 'abc', '2024-11-07 16:19:29'),
	(362, 1, '0010452223', 1.24, 1, 'abc', '2024-11-07 16:19:32'),
	(363, 1, '0010452223', 0.43, 1, 'abc', '2024-11-07 16:19:34'),
	(364, 1, '0010452223', 1.24, 2, 'abc', '2024-11-07 16:19:40'),
	(365, 1, '0010452223', 1.99, 2, 'abc', '2024-11-07 16:19:43'),
	(366, 1, '0010452223', 0.11, 1, 'abc', '2024-11-07 16:20:36'),
	(367, 1, '0010452223', 0.11, 1, 'abc', '2024-11-07 16:34:27');

-- Dump della struttura di tabella raspberryprojects.operatori
DROP TABLE IF EXISTS `operatori`;
CREATE TABLE IF NOT EXISTS `operatori` (
  `id` varchar(50) NOT NULL DEFAULT '0',
  `nome` varchar(50) DEFAULT NULL,
  `cognome` varchar(50) DEFAULT NULL,
  `created_at` datetime NOT NULL DEFAULT current_timestamp(),
  `updated_at` datetime DEFAULT NULL,
  `deleted_at` datetime DEFAULT NULL,
  PRIMARY KEY (`id`) USING BTREE
) ENGINE=InnoDB DEFAULT CHARSET=utf8mb3 COLLATE=utf8mb3_general_ci;

-- Dump dei dati della tabella raspberryprojects.operatori: ~3 rows (circa)
DELETE FROM `operatori`;
INSERT INTO `operatori` (`id`, `nome`, `cognome`, `created_at`, `updated_at`, `deleted_at`) VALUES
	('0001752390', 'Mario', 'Rossi', '2024-10-17 15:25:44', NULL, NULL),
	('0001978094', 'Luigi', 'Verdi', '2024-10-17 15:25:44', NULL, NULL),
	('0010452223', 'Riccardo', 'Panico', '2024-10-17 15:25:44', NULL, NULL);

/*!40103 SET TIME_ZONE=IFNULL(@OLD_TIME_ZONE, 'system') */;
/*!40101 SET SQL_MODE=IFNULL(@OLD_SQL_MODE, '') */;
/*!40014 SET FOREIGN_KEY_CHECKS=IFNULL(@OLD_FOREIGN_KEY_CHECKS, 1) */;
/*!40101 SET CHARACTER_SET_CLIENT=@OLD_CHARACTER_SET_CLIENT */;
/*!40111 SET SQL_NOTES=IFNULL(@OLD_SQL_NOTES, 1) */;
