-- --------------------------------------------------------
-- Host:                         192.168.0.150
-- Versione server:              10.11.6-MariaDB-0+deb12u1 - Debian 12
-- S.O. server:                  debian-linux-gnu
-- HeidiSQL Versione:            12.7.0.6850
-- --------------------------------------------------------

/*!40101 SET @OLD_CHARACTER_SET_CLIENT=@@CHARACTER_SET_CLIENT */;
/*!40101 SET NAMES utf8 */;
/*!50503 SET NAMES utf8mb4 */;
/*!40103 SET @OLD_TIME_ZONE=@@TIME_ZONE */;
/*!40103 SET TIME_ZONE='+00:00' */;
/*!40014 SET @OLD_FOREIGN_KEY_CHECKS=@@FOREIGN_KEY_CHECKS, FOREIGN_KEY_CHECKS=0 */;
/*!40101 SET @OLD_SQL_MODE=@@SQL_MODE, SQL_MODE='NO_AUTO_VALUE_ON_ZERO' */;
/*!40111 SET @OLD_SQL_NOTES=@@SQL_NOTES, SQL_NOTES=0 */;


-- Dump della struttura del database raspberryprojects
DROP DATABASE IF EXISTS `raspberryprojects`;
CREATE DATABASE IF NOT EXISTS `raspberryprojects` /*!40100 DEFAULT CHARACTER SET latin1 COLLATE latin1_swedish_ci */;
USE `raspberryprojects`;

-- Dump della struttura di tabella raspberryprojects.impostazioni
DROP TABLE IF EXISTS `impostazioni`;
CREATE TABLE IF NOT EXISTS `impostazioni` (
  `codice` varchar(50) NOT NULL,
  `descrizione` varchar(255) NOT NULL,
  `valore` varchar(4000) DEFAULT NULL,
  `created_at` datetime NOT NULL DEFAULT current_timestamp(),
  `updated_at` datetime DEFAULT NULL,
  `deleted_at` datetime DEFAULT NULL,
  PRIMARY KEY (`codice`)
) ENGINE=InnoDB DEFAULT CHARSET=utf8mb3 COLLATE=utf8mb3_general_ci;

-- Dump dei dati della tabella raspberryprojects.impostazioni: ~28 rows (circa)
DELETE FROM `impostazioni`;
INSERT INTO `impostazioni` (`codice`, `descrizione`, `valore`, `created_at`, `updated_at`, `deleted_at`) VALUES
	('articolo', 'Articolo', 'ZRACHELLE-0', '2024-01-16 10:37:44', '2024-05-13 06:15:51', NULL),
	('cambio_spola', 'Cambio Spola', '0', '2024-10-21 11:26:03', '2024-10-21 10:10:16', NULL),
	('commessa', 'Commessa', 'abc', '2024-10-08 10:43:19', NULL, NULL),
	('distanza_reset_olio', 'Distanza Reset Olio', '100', '2024-10-08 10:43:39', NULL, NULL),
	('dns_nameservers', 'DNS Name Servers', '8.8.8.8', '2023-06-27 14:54:28', '2024-01-15 15:37:36', NULL),
	('fattore_taratura', 'Fattore Taratura', '72', '2024-10-28 11:26:37', NULL, NULL),
	('gateway', 'Gateway', '192.168.10.253', '2023-06-20 10:50:37', '2024-01-12 09:56:57', NULL),
	('id_macchina', 'ID Macchina', '1', '2023-02-27 09:58:22', '2023-11-28 10:12:39', NULL),
	('id_operatore', 'Badge', '0010452223', '2023-06-28 15:07:22', '2024-10-28 14:05:38', NULL),
	('impulsi', 'Impulsi', '0', '2024-10-21 11:31:20', '2024-10-21 11:31:21', NULL),
	('ip_local_server', 'IP Server Locale', '192.168.10.207', '2023-06-22 15:12:48', '2024-01-12 09:57:20', NULL),
	('ip_macchina', 'IP Macchina', '192.168.10.201', '2023-06-20 08:43:43', '2024-01-12 09:56:43', NULL),
	('last_barcode', 'Ultimo Barcode Scansionato', '051296200186', '2023-05-31 09:30:21', '2024-05-13 06:15:51', NULL),
	('lunghezza_totale', 'Lunghezza totale', '0.00', '2024-10-21 11:32:17', '2024-10-21 11:32:18', NULL),
	('manuale_uso', 'Manuale d\'uso', 'manuale_uso.pdf', '2023-02-27 10:43:33', NULL, NULL),
	('misurazione_filo', 'Misurazione Filo', '0', '2024-10-21 11:30:13', '2024-10-21 11:30:48', NULL),
	('network_interface', 'Interfaccia di Rete', 'wlan0', '2023-06-07 17:21:06', NULL, NULL),
	('network_name', 'Nome Rete', 'elata', '2023-06-20 10:51:41', '2024-01-29 15:19:36', NULL),
	('network_password', 'Password Rete', 'Elata1923', '2023-06-20 10:52:12', '2024-01-29 15:19:36', NULL),
	('operativita', 'Operatività', '00:00:00', '2024-10-21 11:33:30', '2024-10-21 11:33:31', NULL),
	('parametro_spola', 'Parametro Spola', '5', '2024-10-21 12:14:10', '2024-10-21 11:05:55', NULL),
	('porta_local_server', 'Porta Server Locale', '1404', '2023-06-22 15:13:27', NULL, NULL),
	('richiesta_filato', 'Richiesta Filato', '0', '2024-10-08 10:45:11', '2024-10-21 11:15:22', NULL),
	('richiesta_intervento', 'Richiesta Intervento', '0', '2023-02-27 10:02:31', '2024-10-21 11:15:26', NULL),
	('subnet', 'Subnet', '255.255.255.0', '2023-06-20 10:49:21', '2024-01-04 16:14:01', NULL),
	('token', 'Token', '123', '2023-03-02 14:48:23', NULL, NULL),
	('ultimo_reset_olio', 'Ultimo Reset Olio', '0', '2024-10-08 10:45:58', '2024-10-08 08:46:48', NULL),
	('velocita', 'Velocità', '0.00', '2024-10-21 11:32:51', '2024-10-21 11:32:52', NULL);

-- Dump della struttura di tabella raspberryprojects.log_operazioni
DROP TABLE IF EXISTS `log_operazioni`;
CREATE TABLE IF NOT EXISTS `log_operazioni` (
  `id` int(11) NOT NULL AUTO_INCREMENT,
  `data` datetime NOT NULL DEFAULT current_timestamp(),
  `id_macchina` int(11) NOT NULL,
  `id_operatore` varchar(50) DEFAULT '',
  `codice` varchar(255) NOT NULL DEFAULT '',
  `valore` varchar(255) NOT NULL DEFAULT '',
  `created_at` datetime NOT NULL DEFAULT current_timestamp(),
  `updated_at` datetime DEFAULT NULL,
  `deleted_at` datetime DEFAULT NULL,
  PRIMARY KEY (`id`)
) ENGINE=InnoDB AUTO_INCREMENT=405 DEFAULT CHARSET=utf8mb3 COLLATE=utf8mb3_general_ci ROW_FORMAT=DYNAMIC;

-- Dump dei dati della tabella raspberryprojects.log_operazioni: ~20 rows (circa)
DELETE FROM `log_operazioni`;
INSERT INTO `log_operazioni` (`id`, `data`, `id_macchina`, `id_operatore`, `codice`, `valore`, `created_at`, `updated_at`, `deleted_at`) VALUES
	(1, '2024-01-12 10:56:30', 1, '0025711970', 'network_name', 'Elata1923', '2024-01-12 09:56:30', '2024-01-12 09:56:30', NULL),
	(2, '2024-01-12 10:56:48', 1, '0025711970', 'ip_macchina', '192.168.10.201', '2024-01-12 09:56:48', '2024-01-12 09:56:48', NULL),
	(3, '2024-01-12 10:57:02', 1, '0025711970', 'gateway', '192.168.10.253', '2024-01-12 09:57:02', '2024-01-12 09:57:02', NULL),
	(4, '2024-01-12 10:57:20', 1, '0025711970', 'ip_local_server', '192.168.10.207', '2024-01-12 09:57:20', '2024-01-12 09:57:20', NULL),
	(5, '2024-01-15 16:37:40', 1, '0025711970', 'dns_nameservers', '8.8.8.8', '2024-01-15 15:37:40', '2024-01-15 15:37:40', NULL),
	(6, '2024-01-15 16:37:57', 1, '0025711970', 'last_barcode', '051105700180', '2024-01-15 15:37:57', '2024-01-15 15:37:57', NULL),
	(7, '2024-01-16 07:34:27', 1, '0025711970', 'last_barcode', '051105700180', '2024-01-16 06:34:27', '2024-01-16 06:34:27', NULL),
	(8, '2024-01-16 07:46:20', 1, '0025711970', 'last_barcode', '051105300182', '2024-01-16 06:46:20', '2024-01-16 06:46:20', NULL),
	(9, '2024-01-16 08:35:42', 1, '0025711970', 'last_barcode', '051105500186', '2024-01-16 07:35:42', '2024-01-16 07:35:42', NULL),
	(10, '2024-01-16 09:26:00', 1, '0025711970', 'last_barcode', '051105500186', '2024-01-16 08:26:00', '2024-01-16 08:26:00', NULL),
	(11, '2024-01-16 09:26:38', 1, '0025711970', 'last_barcode', '051105500180', '2024-01-16 08:26:38', '2024-01-16 08:26:38', NULL),
	(12, '2024-01-16 09:27:32', 1, '0025711970', 'last_barcode', '051105500186', '2024-01-16 08:27:32', '2024-01-16 08:27:32', NULL),
	(13, '2024-01-16 09:31:25', 1, '0025711970', 'last_barcode', '051083500185', '2024-01-16 08:31:25', '2024-01-16 08:31:25', NULL),
	(14, '2024-01-16 09:34:08', 1, '0025711970', 'last_barcode', '051105000181', '2024-01-16 08:34:08', '2024-01-16 08:34:08', NULL),
	(15, '2024-01-16 10:08:23', 1, '0025711970', 'last_barcode', '051104500187', '2024-01-16 09:08:23', '2024-01-16 09:08:23', NULL),
	(16, '2024-01-16 10:10:20', 1, '0025711970', 'last_barcode', '051124700185', '2024-01-16 09:10:20', '2024-01-16 09:10:20', NULL),
	(17, '2024-01-16 10:14:33', 1, '0025711970', 'last_barcode', '051104500187', '2024-01-16 09:14:33', '2024-01-16 09:14:33', NULL),
	(18, '2024-01-16 11:01:45', 1, '0025711970', 'last_barcode', '051034200157', '2024-01-16 10:01:45', '2024-01-16 10:01:45', NULL),
	(19, '2024-01-16 11:03:11', 1, '0025711970', 'last_barcode', '051034200157', '2024-01-16 10:03:11', '2024-01-16 10:03:11', NULL),
	(20, '2024-01-16 12:17:22', 1, '0025711970', 'last_barcode', '051034200157', '2024-01-16 11:17:22', '2024-01-16 11:17:22', NULL),
	(21, '2024-01-16 12:38:41', 1, '0025711970', 'last_barcode', '051104500187', '2024-01-16 11:38:41', '2024-01-16 11:38:41', NULL),
	(22, '2024-01-17 10:58:22', 1, '0009309531', 'last_barcode', '051010700183', '2024-01-17 09:58:22', '2024-01-17 09:58:22', NULL),
	(23, '2024-01-17 11:30:09', 1, '0009309531', 'last_barcode', '051010400182', '2024-01-17 10:30:09', '2024-01-17 10:30:09', NULL),
	(24, '2024-01-17 12:15:37', 1, '0009309531', 'last_barcode', '051108600180', '2024-01-17 11:15:37', '2024-01-17 11:15:37', NULL),
	(25, '2024-01-17 12:16:09', 1, '0009309531', 'last_barcode', '051009800184', '2024-01-17 11:16:09', '2024-01-17 11:16:09', NULL),
	(26, '2024-01-17 14:18:18', 1, '0009309531', 'last_barcode', '051009800191', '2024-01-17 13:18:18', '2024-01-17 13:18:18', NULL),
	(27, '2024-01-18 08:12:51', 1, '0009309531', 'last_barcode', '051080800196', '2024-01-18 07:12:51', '2024-01-18 07:12:51', NULL),
	(28, '2024-01-18 08:51:44', 1, '0009309531', 'last_barcode', '051107300180', '2024-01-18 07:51:44', '2024-01-18 07:51:44', NULL),
	(29, '2024-01-18 09:05:27', 1, '0009309531', 'last_barcode', '051016500183', '2024-01-18 08:05:27', '2024-01-18 08:05:27', NULL),
	(30, '2024-01-18 10:37:20', 1, '0009309531', 'last_barcode', '051123900180', '2024-01-18 09:37:20', '2024-01-18 09:37:20', NULL),
	(31, '2024-01-18 11:12:05', 1, '0009309531', 'last_barcode', '051124200180', '2024-01-18 10:12:05', '2024-01-18 10:12:05', NULL),
	(32, '2024-01-18 11:47:35', 1, '0009309531', 'last_barcode', '051007600182', '2024-01-18 10:47:35', '2024-01-18 10:47:35', NULL),
	(33, '2024-01-18 12:21:03', 1, '0009309531', 'last_barcode', '051063500181', '2024-01-18 11:21:03', '2024-01-18 11:21:03', NULL),
	(34, '2024-01-18 13:21:39', 1, '0009309531', 'last_barcode', '050169500187', '2024-01-18 12:21:39', '2024-01-18 12:21:39', NULL),
	(35, '2024-01-19 08:20:11', 1, '0009309531', 'richiesta_manutenzione', '2', '2024-01-19 07:20:11', '2024-01-19 07:20:11', NULL),
	(36, '2024-01-19 08:28:34', 1, '0025711970', 'conferma_intervento', '0', '2024-01-19 07:28:34', '2024-01-19 07:28:34', NULL),
	(37, '2024-01-22 14:20:48', 1, '0025711970', 'last_barcode', '051107300180', '2024-01-22 13:20:48', '2024-01-22 13:20:48', NULL),
	(38, '2024-01-23 09:07:55', 1, '0025711970', 'last_barcode', '051063600188', '2024-01-23 08:07:55', '2024-01-23 08:07:55', NULL),
	(39, '2024-01-23 09:30:05', 1, '0025711970', 'last_barcode', '051063600188', '2024-01-23 08:30:05', '2024-01-23 08:30:05', NULL),
	(40, '2024-01-24 07:57:51', 1, '0009309531', 'richiesta_manutenzione', '1', '2024-01-24 06:57:51', '2024-01-24 06:57:51', NULL),
	(41, '2024-01-24 08:49:47', 1, '0025711970', 'conferma_intervento', '0', '2024-01-24 07:49:47', '2024-01-24 07:49:47', NULL),
	(42, '2024-01-25 08:48:02', 1, '0025711970', 'last_barcode', '051129200185', '2024-01-25 07:48:02', '2024-01-25 07:48:02', NULL),
	(43, '2024-01-25 09:43:10', 1, '0025711970', 'last_barcode', '051130000187', '2024-01-25 08:43:10', '2024-01-25 08:43:10', NULL),
	(44, '2024-01-25 09:51:31', 1, '0025711970', 'last_barcode', '051130400185', '2024-01-25 08:51:31', '2024-01-25 08:51:31', NULL),
	(45, '2024-01-25 10:24:54', 1, '0025711970', 'last_barcode', '051138100186', '2024-01-25 09:24:54', '2024-01-25 09:24:54', NULL),
	(46, '2024-01-25 11:23:46', 1, '0025711970', 'last_barcode', '051028200187', '2024-01-25 10:23:46', '2024-01-25 10:23:46', NULL),
	(47, '2024-01-25 12:35:15', 1, '0009309531', 'last_barcode', '051105100188', '2024-01-25 11:35:15', '2024-01-25 11:35:15', NULL),
	(48, '2024-01-26 08:58:19', 1, '0009309531', 'last_barcode', '051024900180', '2024-01-26 07:58:19', '2024-01-26 07:58:19', NULL),
	(49, '2024-01-26 10:03:58', 1, '0009309531', 'last_barcode', '051123800183', '2024-01-26 09:03:58', '2024-01-26 09:03:58', NULL),
	(50, '2024-01-26 10:21:45', 1, '0009309531', 'last_barcode', '051124500181', '2024-01-26 09:21:45', '2024-01-26 09:21:45', NULL),
	(51, '2024-01-26 15:08:21', 1, '0009309531', 'last_barcode', '051024300188', '2024-01-26 14:08:21', '2024-01-26 14:08:21', NULL),
	(52, '2024-01-29 08:46:28', 1, '0009309531', 'last_barcode', '051027900187', '2024-01-29 07:46:28', '2024-01-29 07:46:28', NULL),
	(53, '2024-01-29 08:46:47', 1, '0009309531', 'last_barcode', '051027900187', '2024-01-29 07:46:47', '2024-01-29 07:46:47', NULL),
	(54, '2024-01-29 08:47:15', 1, '0009309531', 'last_barcode', '051027900187', '2024-01-29 07:47:15', '2024-01-29 07:47:15', NULL),
	(55, '2024-01-29 08:47:45', 1, '0009309531', 'last_barcode', '051023100192', '2024-01-29 07:47:45', '2024-01-29 07:47:45', NULL),
	(56, '2024-01-29 12:19:33', 1, '0009309531', 'last_barcode', '051027900187', '2024-01-29 11:19:33', '2024-01-29 11:19:33', NULL),
	(57, '2024-01-29 14:20:50', 1, '0009309531', 'last_barcode', '051024500199', '2024-01-29 13:20:50', '2024-01-29 13:20:50', NULL),
	(58, '2024-01-29 16:35:20', 1, '0009309531', 'last_barcode', '051106400188', '2024-01-29 15:35:20', '2024-01-29 15:35:20', NULL),
	(59, '2024-01-29 16:19:41', 1, '0009309531', 'network_name', 'Elata1923', '2024-01-29 15:19:41', '2024-01-29 15:19:41', NULL),
	(60, '2024-01-30 11:52:20', 1, '0009309531', 'richiesta_manutenzione', '41', '2024-01-30 10:52:20', '2024-01-30 10:52:20', NULL),
	(61, '2024-01-30 12:35:11', 1, '0009309531', 'last_barcode', '051031600196', '2024-01-30 11:35:11', '2024-01-30 11:35:11', NULL),
	(62, '2024-01-30 14:33:17', 1, '0009309531', 'last_barcode', '051141600192', '2024-01-30 13:33:17', '2024-01-30 13:33:17', NULL),
	(63, '2024-01-30 14:43:02', 1, '0009309531', 'last_barcode', '051031800190', '2024-01-30 13:43:02', '2024-01-30 13:43:02', NULL),
	(64, '2024-01-30 14:46:46', 1, '0009309531', 'conferma_intervento', '0', '2024-01-30 13:46:46', '2024-01-30 13:46:46', NULL),
	(65, '2024-01-31 11:10:49', 1, '0009309531', 'richiesta_manutenzione', '1', '2024-01-31 10:10:49', '2024-01-31 10:10:49', NULL),
	(66, '2024-01-31 11:18:08', 1, '0025711970', 'conferma_intervento', '0', '2024-01-31 10:18:08', '2024-01-31 10:18:08', NULL),
	(67, '2024-01-31 14:29:54', 1, '0025711970', 'last_barcode', '051031700193', '2024-01-31 13:29:54', '2024-01-31 13:29:54', NULL),
	(68, '2024-01-31 14:48:53', 1, '0025711970', 'last_barcode', '051013500193', '2024-01-31 13:48:53', '2024-01-31 13:48:53', NULL),
	(69, '2024-01-31 14:49:07', 1, '0025711970', 'last_barcode', '051013600190', '2024-01-31 13:49:07', '2024-01-31 13:49:07', NULL),
	(70, '2024-02-01 09:48:09', 1, '0025711970', 'last_barcode', '051026700191', '2024-02-01 08:48:09', '2024-02-01 08:48:09', NULL),
	(71, '2024-02-02 09:32:53', 1, '0025711970', 'last_barcode', '051031200198', '2024-02-02 08:32:53', '2024-02-02 08:32:53', NULL),
	(72, '2024-02-02 13:05:40', 1, '0025711970', 'last_barcode', '051035100197', '2024-02-02 12:05:40', '2024-02-02 12:05:40', NULL),
	(73, '2024-02-02 13:07:35', 1, '0025711970', 'last_barcode', '050169100189', '2024-02-02 12:07:35', '2024-02-02 12:07:35', NULL),
	(74, '2024-02-05 07:51:06', 1, '0025711970', 'last_barcode', '051035100197', '2024-02-05 06:51:06', '2024-02-05 06:51:06', NULL),
	(75, '2024-02-05 09:07:03', 1, '0025711970', 'last_barcode', '051034500196', '2024-02-05 08:07:03', '2024-02-05 08:07:03', NULL),
	(76, '2024-02-05 10:57:48', 1, '0036518789', 'richiesta_manutenzione', '32', '2024-02-05 09:57:48', '2024-02-05 09:57:48', NULL),
	(77, '2024-02-05 12:06:17', 1, '0009309531', 'conferma_intervento', '0', '2024-02-05 11:06:17', '2024-02-05 11:06:17', NULL),
	(78, '2024-02-05 14:27:00', 1, '0009309531', 'last_barcode', '051035300191', '2024-02-05 13:27:00', '2024-02-05 13:27:00', NULL),
	(79, '2024-02-06 08:34:23', 1, '0009309531', 'last_barcode', '051020800194', '2024-02-06 07:34:23', '2024-02-06 07:34:23', NULL),
	(80, '2024-02-06 09:06:26', 1, '0009309531', 'last_barcode', '051020300199', '2024-02-06 08:06:26', '2024-02-06 08:06:26', NULL),
	(81, '2024-02-06 09:19:31', 1, '0036518789', 'richiesta_manutenzione', '12', '2024-02-06 08:19:31', '2024-02-06 08:19:31', NULL),
	(82, '2024-02-06 09:23:48', 1, '0009309531', 'conferma_intervento', '0', '2024-02-06 08:23:48', '2024-02-06 08:23:48', NULL),
	(83, '2024-02-06 09:55:07', 1, '0009309531', 'last_barcode', '051013700197', '2024-02-06 08:55:07', '2024-02-06 08:55:07', NULL),
	(84, '2024-02-06 10:36:06', 1, '0009309531', 'last_barcode', '051020200192', '2024-02-06 09:36:06', '2024-02-06 09:36:06', NULL),
	(85, '2024-02-06 11:14:36', 1, '0009309531', 'last_barcode', '051020600183', '2024-02-06 10:14:36', '2024-02-06 10:14:36', NULL),
	(86, '2024-02-06 14:08:47', 1, '0009309531', 'last_barcode', '051025100190', '2024-02-06 13:08:47', '2024-02-06 13:08:47', NULL),
	(87, '2024-02-06 15:01:13', 1, '0009309531', 'last_barcode', '051034900194', '2024-02-06 14:01:13', '2024-02-06 14:01:13', NULL),
	(88, '2024-02-07 08:51:10', 1, '0009309531', 'last_barcode', '051031700193', '2024-02-07 07:51:10', '2024-02-07 07:51:10', NULL),
	(89, '2024-02-07 10:57:04', 1, '0009309531', 'last_barcode', '051025200197', '2024-02-07 09:57:04', '2024-02-07 09:57:04', NULL),
	(90, '2024-02-07 12:20:40', 1, '0009309531', 'last_barcode', '051035000190', '2024-02-07 11:20:40', '2024-02-07 11:20:40', NULL),
	(91, '2024-02-07 14:32:11', 1, '0009309531', 'last_barcode', '051035200194', '2024-02-07 13:32:11', '2024-02-07 13:32:11', NULL),
	(92, '2024-02-08 09:37:18', 1, '0009309531', 'last_barcode', '051157300192', '2024-02-08 08:37:18', '2024-02-08 08:37:18', NULL),
	(93, '2024-02-08 10:09:06', 1, '0009309531', 'last_barcode', '051080400198', '2024-02-08 09:09:06', '2024-02-08 09:09:06', NULL),
	(94, '2024-02-08 14:23:14', 1, '0009309531', 'last_barcode', '051156900195', '2024-02-08 13:23:14', '2024-02-08 13:23:14', NULL),
	(95, '2024-02-08 14:55:01', 1, '0009309531', 'last_barcode', '051157500196', '2024-02-08 13:55:01', '2024-02-08 13:55:01', NULL),
	(96, '2024-02-08 15:50:34', 1, '0009309531', 'last_barcode', '051156300193', '2024-02-08 14:50:34', '2024-02-08 14:50:34', NULL),
	(97, '2024-02-08 16:02:13', 1, '0009309531', 'last_barcode', '051157000191', '2024-02-08 15:02:13', '2024-02-08 15:02:13', NULL),
	(98, '2024-02-09 09:37:40', 1, '0009309531', 'last_barcode', '051017200198', '2024-02-09 08:37:40', '2024-02-09 08:37:40', NULL),
	(99, '2024-02-09 10:20:12', 1, '0009309531', 'last_barcode', '051018500198', '2024-02-09 09:20:12', '2024-02-09 09:20:12', NULL),
	(100, '2024-02-09 10:49:12', 1, '0009309531', 'last_barcode', '051018500198', '2024-02-09 09:49:12', '2024-02-09 09:49:12', NULL),
	(101, '2024-02-09 10:49:25', 1, '0009309531', 'last_barcode', '051018500198', '2024-02-09 09:49:25', '2024-02-09 09:49:25', NULL),
	(102, '2024-02-09 13:16:34', 1, '0009309531', 'last_barcode', '050178900190', '2024-02-09 12:16:34', '2024-02-09 12:16:34', NULL),
	(103, '2024-02-12 11:03:40', 1, '0009309531', 'last_barcode', '050178800193', '2024-02-12 10:03:40', '2024-02-12 10:03:40', NULL),
	(104, '2024-02-12 12:20:38', 1, '0009309531', 'last_barcode', '051112500193', '2024-02-12 11:20:38', '2024-02-12 11:20:38', NULL),
	(105, '2024-02-12 14:26:15', 1, '0009309531', 'last_barcode', '051157300192', '2024-02-12 13:26:15', '2024-02-12 13:26:15', NULL),
	(106, '2024-02-12 14:32:46', 1, '0009309531', 'last_barcode', '051112500193', '2024-02-12 13:32:46', '2024-02-12 13:32:46', NULL),
	(107, '2024-02-13 07:39:15', 1, '0009309531', 'last_barcode', '051079800183', '2024-02-13 06:39:15', '2024-02-13 06:39:15', NULL),
	(108, '2024-02-13 10:14:23', 1, '0009309531', 'last_barcode', '050179400187', '2024-02-13 09:14:23', '2024-02-13 09:14:23', NULL),
	(109, '2024-02-13 12:43:01', 1, '0009309531', 'last_barcode', '050179000196', '2024-02-13 11:43:01', '2024-02-13 11:43:01', NULL),
	(110, '2024-02-14 11:23:01', 1, '0009309531', 'last_barcode', '051049200197', '2024-02-14 10:23:01', '2024-02-14 10:23:01', NULL),
	(111, '2024-02-14 12:19:33', 1, '0009309531', 'last_barcode', '051024000194', '2024-02-14 11:19:33', '2024-02-14 11:19:33', NULL),
	(112, '2024-02-16 08:23:09', 1, '0009309531', 'last_barcode', '051158500188', '2024-02-16 07:23:09', '2024-02-16 07:23:09', NULL),
	(113, '2024-02-16 08:27:49', 1, '0009309531', 'last_barcode', '051162700185', '2024-02-16 07:27:49', '2024-02-16 07:27:49', NULL),
	(114, '2024-02-16 08:50:25', 1, '0009309531', 'last_barcode', '051030400193', '2024-02-16 07:50:25', '2024-02-16 07:50:25', NULL),
	(115, '2024-02-16 11:19:40', 1, '0009309531', 'last_barcode', '051162700192', '2024-02-16 10:19:40', '2024-02-16 10:19:40', NULL),
	(116, '2024-02-16 11:44:34', 1, '0009309531', 'last_barcode', '051167500193', '2024-02-16 10:44:34', '2024-02-16 10:44:34', NULL),
	(117, '2024-02-16 12:32:55', 1, '0009309531', 'last_barcode', '051096600193', '2024-02-16 11:32:55', '2024-02-16 11:32:55', NULL),
	(118, '2024-02-16 15:44:30', 1, '0036518309', 'richiesta_manutenzione', '1', '2024-02-16 14:44:30', '2024-02-16 14:44:30', NULL),
	(119, '2024-02-16 15:48:05', 1, '0009309531', 'conferma_intervento', '0', '2024-02-16 14:48:05', '2024-02-16 14:48:05', NULL),
	(120, '2024-02-19 08:06:25', 1, '0009309531', 'last_barcode', '051172600192', '2024-02-19 07:06:25', '2024-02-19 07:06:25', NULL),
	(121, '2024-02-19 09:43:07', 1, '0009309531', 'last_barcode', '051106600199', '2024-02-19 08:43:07', '2024-02-19 08:43:07', NULL),
	(122, '2024-02-19 10:25:50', 1, '0009309531', 'last_barcode', '051027900293', '2024-02-19 09:25:50', '2024-02-19 09:25:50', NULL),
	(123, '2024-02-19 14:42:17', 1, '0009309531', 'last_barcode', '051034200195', '2024-02-19 13:42:17', '2024-02-19 13:42:17', NULL),
	(124, '2024-02-20 07:46:03', 1, '0009309531', 'last_barcode', '051158500195', '2024-02-20 06:46:03', '2024-02-20 06:46:03', NULL),
	(125, '2024-02-20 08:41:19', 1, '0009309531', 'last_barcode', '051097200194', '2024-02-20 07:41:19', '2024-02-20 07:41:19', NULL),
	(126, '2024-02-21 08:17:13', 1, '0009309531', 'last_barcode', '051171900194', '2024-02-21 07:17:13', '2024-02-21 07:17:13', NULL),
	(127, '2024-02-21 10:52:39', 1, '0009309531', 'last_barcode', '051172200187', '2024-02-21 09:52:39', '2024-02-21 09:52:39', NULL),
	(128, '2024-02-21 14:49:43', 1, '0009309531', 'last_barcode', '051142900185', '2024-02-21 13:49:43', '2024-02-21 13:49:43', NULL),
	(129, '2024-02-21 14:56:08', 1, '0009309531', 'last_barcode', '051155900189', '2024-02-21 13:56:08', '2024-02-21 13:56:08', NULL),
	(130, '2024-02-22 10:08:36', 1, '0009309531', 'last_barcode', '051033700184', '2024-02-22 09:08:36', '2024-02-22 09:08:36', NULL),
	(131, '2024-02-22 14:59:12', 1, '0009309531', 'last_barcode', '051173100189', '2024-02-22 13:59:12', '2024-02-22 13:59:12', NULL),
	(132, '2024-02-23 15:50:00', 1, '0025711610', 'last_barcode', '051159000144', '2024-02-23 14:50:00', '2024-02-23 14:50:00', NULL),
	(133, '2024-02-26 07:36:37', 1, '0025711610', 'last_barcode', '051105300182', '2024-02-26 06:36:37', '2024-02-26 06:36:37', NULL),
	(134, '2024-02-26 10:55:22', 1, '0025711610', 'last_barcode', '051177600180', '2024-02-26 09:55:22', '2024-02-26 09:55:22', NULL),
	(135, '2024-02-26 13:00:04', 1, '0025711610', 'last_barcode', '051177900181', '2024-02-26 12:00:04', '2024-02-26 12:00:04', NULL),
	(136, '2024-02-26 14:25:19', 1, '0025711610', 'last_barcode', '051032000193', '2024-02-26 13:25:19', '2024-02-26 13:25:19', NULL),
	(137, '2024-02-26 14:46:58', 1, '0025711610', 'last_barcode', '051177500183', '2024-02-26 13:46:58', '2024-02-26 13:46:58', NULL),
	(138, '2024-02-27 09:20:29', 1, '0025711610', 'last_barcode', '051094100183', '2024-02-27 08:20:29', '2024-02-27 08:20:29', NULL),
	(139, '2024-02-27 12:50:34', 1, '0025711610', 'last_barcode', '051095100182', '2024-02-27 11:50:34', '2024-02-27 11:50:34', NULL),
	(140, '2024-02-27 14:20:19', 1, '0025711610', 'last_barcode', '051095200189', '2024-02-27 13:20:19', '2024-02-27 13:20:19', NULL),
	(141, '2024-02-28 15:55:16', 1, '0025711610', 'last_barcode', '051095600187', '2024-02-28 14:55:16', '2024-02-28 14:55:16', NULL),
	(142, '2024-02-29 10:31:49', 1, '0025711610', 'last_barcode', '051199900183', '2024-02-29 09:31:49', '2024-02-29 09:31:49', NULL),
	(143, '2024-02-29 11:58:04', 1, '0025711610', 'last_barcode', '051100900189', '2024-02-29 10:58:04', '2024-02-29 10:58:04', NULL),
	(144, '2024-02-29 15:10:05', 1, '0025711610', 'last_barcode', '051100600188', '2024-02-29 14:10:05', '2024-02-29 14:10:05', NULL),
	(145, '2024-03-01 08:58:56', 1, '0025711610', 'last_barcode', '051055600189', '2024-03-01 07:58:56', '2024-03-01 07:58:56', NULL),
	(146, '2024-03-01 10:48:24', 1, '0025711610', 'last_barcode', '051101100182', '2024-03-01 09:48:24', '2024-03-01 09:48:24', NULL),
	(147, '2024-03-01 11:39:31', 1, '0025711610', 'last_barcode', '051099600183', '2024-03-01 10:39:31', '2024-03-01 10:39:31', NULL),
	(148, '2024-03-04 09:44:35', 1, '0025711610', 'last_barcode', '051101700184', '2024-03-04 08:44:35', '2024-03-04 08:44:35', NULL),
	(149, '2024-03-05 15:37:33', 1, '0025711610', 'last_barcode', '051099300182', '2024-03-05 14:37:33', '2024-03-05 14:37:33', NULL),
	(150, '2024-03-06 10:01:29', 1, '0025711610', 'last_barcode', '051096700183', '2024-03-06 09:01:29', '2024-03-06 09:01:29', NULL),
	(151, '2024-03-06 11:58:07', 1, '0025711610', 'last_barcode', '051101400183', '2024-03-06 10:58:07', '2024-03-06 10:58:07', NULL),
	(152, '2024-03-06 12:53:43', 1, '0025711610', 'last_barcode', '051109000187', '2024-03-06 11:53:43', '2024-03-06 11:53:43', NULL),
	(153, '2024-03-06 13:59:32', 1, '0025711610', 'last_barcode', '051095500180', '2024-03-06 12:59:32', '2024-03-06 12:59:32', NULL),
	(154, '2024-03-06 14:32:22', 1, '0025711610', 'last_barcode', '051109100184', '2024-03-06 13:32:22', '2024-03-06 13:32:22', NULL),
	(155, '2024-03-06 15:05:37', 1, '0025711610', 'last_barcode', '051101800181', '2024-03-06 14:05:37', '2024-03-06 14:05:37', NULL),
	(156, '2024-03-07 10:03:22', 1, '0025711610', 'last_barcode', '051103300184', '2024-03-07 09:03:22', '2024-03-07 09:03:22', NULL),
	(157, '2024-03-07 14:18:51', 1, '0025711610', 'last_barcode', '051103200187', '2024-03-07 13:18:51', '2024-03-07 13:18:51', NULL),
	(158, '2024-03-07 15:25:04', 1, '0036518309', 'richiesta_manutenzione', '1', '2024-03-07 14:25:04', '2024-03-07 14:25:04', NULL),
	(159, '2024-03-07 15:28:21', 1, '0009309531', 'conferma_intervento', '0', '2024-03-07 14:28:21', '2024-03-07 14:28:21', NULL),
	(160, '2024-03-08 09:29:15', 1, '0025715981', 'richiesta_manutenzione', '1', '2024-03-08 08:29:15', '2024-03-08 08:29:15', NULL),
	(161, '2024-03-08 09:33:23', 1, '0025711970', 'conferma_intervento', '0', '2024-03-08 08:33:23', '2024-03-08 08:33:23', NULL),
	(162, '2024-03-08 11:24:11', 1, '0025711970', 'last_barcode', '051177500183', '2024-03-08 10:24:11', '2024-03-08 10:24:11', NULL),
	(163, '2024-03-08 15:40:45', 1, '0025711970', 'last_barcode', '051107700188', '2024-03-08 14:40:45', '2024-03-08 14:40:45', NULL),
	(164, '2024-03-11 07:57:41', 1, '0025711970', 'last_barcode', '051103400181', '2024-03-11 06:57:41', '2024-03-11 06:57:41', NULL),
	(165, '2024-03-11 09:46:21', 1, '0025711970', 'last_barcode', '051103000183', '2024-03-11 08:46:21', '2024-03-11 08:46:21', NULL),
	(166, '2024-03-11 10:10:38', 1, '0025711970', 'last_barcode', '051103500188', '2024-03-11 09:10:38', '2024-03-11 09:10:38', NULL),
	(167, '2024-03-11 15:24:24', 1, '0025711970', 'last_barcode', '051102800180', '2024-03-11 14:24:24', '2024-03-11 14:24:24', NULL),
	(168, '2024-03-12 07:47:22', 1, '0025711970', 'last_barcode', '051055700186', '2024-03-12 06:47:22', '2024-03-12 06:47:22', NULL),
	(169, '2024-03-12 07:58:17', 1, '0025711970', 'last_barcode', '051055700186', '2024-03-12 06:58:17', '2024-03-12 06:58:17', NULL),
	(170, '2024-03-12 07:58:30', 1, '0025711970', 'last_barcode', '051055800183', '2024-03-12 06:58:30', '2024-03-12 06:58:30', NULL),
	(171, '2024-03-12 08:07:12', 1, '0025711970', 'last_barcode', '051107600181', '2024-03-12 07:07:12', '2024-03-12 07:07:12', NULL),
	(172, '2024-03-12 08:07:26', 1, '0025711970', 'last_barcode', '051107500184', '2024-03-12 07:07:26', '2024-03-12 07:07:26', NULL),
	(173, '2024-03-13 07:54:41', 1, '0025711970', 'last_barcode', '051179300187', '2024-03-13 06:54:41', '2024-03-13 06:54:41', NULL),
	(174, '2024-03-13 09:32:37', 1, '0025711970', 'last_barcode', '051098700181', '2024-03-13 08:32:37', '2024-03-13 08:32:37', NULL),
	(175, '2024-03-13 11:21:13', 1, '0025711970', 'last_barcode', '051096700183', '2024-03-13 10:21:13', '2024-03-13 10:21:13', NULL),
	(176, '2024-03-14 07:37:05', 1, '0025711970', 'last_barcode', '051184500183', '2024-03-14 06:37:05', '2024-03-14 06:37:05', NULL),
	(177, '2024-03-14 08:06:45', 1, '0025711970', 'last_barcode', '051037600183', '2024-03-14 07:06:45', '2024-03-14 07:06:45', NULL),
	(178, '2024-03-14 08:50:57', 1, '0025711970', 'last_barcode', '051037700180', '2024-03-14 07:50:57', '2024-03-14 07:50:57', NULL),
	(179, '2024-03-14 09:24:25', 1, '0009309531', 'richiesta_manutenzione', '1', '2024-03-14 08:24:25', '2024-03-14 08:24:25', NULL),
	(180, '2024-03-14 09:26:10', 1, '0025711970', 'conferma_intervento', '0', '2024-03-14 08:26:10', '2024-03-14 08:26:10', NULL),
	(181, '2024-03-14 10:42:08', 1, '0025711970', 'last_barcode', '051037800187', '2024-03-14 09:42:08', '2024-03-14 09:42:08', NULL),
	(182, '2024-03-15 11:47:15', 1, '0036518309', 'richiesta_manutenzione', '1', '2024-03-15 10:47:15', '2024-03-15 10:47:15', NULL),
	(183, '2024-03-15 11:55:21', 1, '0036518309', 'last_barcode', '051107700188', '2024-03-15 10:55:21', '2024-03-15 10:55:21', NULL),
	(184, '2024-03-15 11:59:05', 1, '0025711970', 'conferma_intervento', '0', '2024-03-15 10:59:05', '2024-03-15 10:59:05', NULL),
	(185, '2024-03-18 10:35:51', 1, '0009309531', 'richiesta_manutenzione', '12', '2024-03-18 09:35:51', '2024-03-18 09:35:51', NULL),
	(186, '2024-03-18 10:54:25', 1, '0025711970', 'conferma_intervento', '0', '2024-03-18 09:54:25', '2024-03-18 09:54:25', NULL),
	(187, '2024-03-18 10:55:43', 1, '0025711970', 'last_barcode', '051112100188', '2024-03-18 09:55:43', '2024-03-18 09:55:43', NULL),
	(188, '2024-03-18 12:23:44', 1, '0025711970', 'last_barcode', '051112200185', '2024-03-18 11:23:44', '2024-03-18 11:23:44', NULL),
	(189, '2024-03-18 15:27:03', 1, '0025711970', 'last_barcode', '051112300182', '2024-03-18 14:27:03', '2024-03-18 14:27:03', NULL),
	(190, '2024-03-19 08:08:07', 1, '0025711970', 'last_barcode', '051077000189', '2024-03-19 07:08:07', '2024-03-19 07:08:07', NULL),
	(191, '2024-03-19 08:41:47', 1, '0025711970', 'last_barcode', '051175600182', '2024-03-19 07:41:47', '2024-03-19 07:41:47', NULL),
	(192, '2024-03-19 11:00:30', 1, '0025711970', 'last_barcode', '051077800185', '2024-03-19 10:00:30', '2024-03-19 10:00:30', NULL),
	(193, '2024-03-19 11:59:53', 1, '0025711970', 'last_barcode', '051181900184', '2024-03-19 10:59:53', '2024-03-19 10:59:53', NULL),
	(194, '2024-03-19 13:09:11', 1, '0025711970', 'last_barcode', '051077400187', '2024-03-19 12:09:11', '2024-03-19 12:09:11', NULL),
	(195, '2024-03-20 07:43:06', 1, '0025711970', 'last_barcode', '051197700181', '2024-03-20 06:43:06', '2024-03-20 06:43:06', NULL),
	(196, '2024-03-20 11:13:51', 1, '0025711970', 'last_barcode', '051039300180', '2024-03-20 10:13:51', '2024-03-20 10:13:51', NULL),
	(197, '2024-03-21 07:30:57', 1, '0009309531', 'richiesta_manutenzione', '1', '2024-03-21 06:30:57', '2024-03-21 06:30:57', NULL),
	(198, '2024-03-21 07:48:59', 1, '0009309531', 'conferma_intervento', '0', '2024-03-21 06:48:59', '2024-03-21 06:48:59', NULL),
	(199, '2024-03-21 08:33:43', 1, '0009309531', 'last_barcode', '051216600188', '2024-03-21 07:33:43', '2024-03-21 07:33:43', NULL),
	(200, '2024-03-21 11:32:05', 1, '0009309531', 'last_barcode', '051078900181', '2024-03-21 10:32:05', '2024-03-21 10:32:05', NULL),
	(201, '2024-03-21 13:15:19', 1, '0009309531', 'last_barcode', '051111800188', '2024-03-21 12:15:19', '2024-03-21 12:15:19', NULL),
	(202, '2024-03-22 07:53:21', 1, '0009309531', 'last_barcode', '051214600180', '2024-03-22 06:53:21', '2024-03-22 06:53:21', NULL),
	(203, '2024-03-22 08:42:33', 1, '0009309531', 'last_barcode', '051099300199', '2024-03-22 07:42:33', '2024-03-22 07:42:33', NULL),
	(204, '2024-03-22 08:51:48', 1, '0009309531', 'last_barcode', '051214700187', '2024-03-22 07:51:48', '2024-03-22 07:51:48', NULL),
	(205, '2024-03-22 09:52:43', 1, '0009309531', 'last_barcode', '051181600183', '2024-03-22 08:52:43', '2024-03-22 08:52:43', NULL),
	(206, '2024-03-22 09:59:47', 1, '0036518309', 'richiesta_manutenzione', '1', '2024-03-22 08:59:47', '2024-03-22 08:59:47', NULL),
	(207, '2024-03-22 14:14:34', 1, '0036518309', 'last_barcode', '051214700187', '2024-03-22 13:14:34', '2024-03-22 13:14:34', NULL),
	(208, '2024-03-26 07:50:38', 1, '0036518309', 'last_barcode', '051219300184', '2024-03-26 06:50:38', '2024-03-26 06:50:38', NULL),
	(209, '2024-03-26 07:50:57', 1, '0009309531', 'conferma_intervento', '0', '2024-03-26 06:50:57', '2024-03-26 06:50:57', NULL),
	(210, '2024-03-26 15:35:48', 1, '0009309531', 'last_barcode', '051249300185', '2024-03-26 14:35:48', '2024-03-26 14:35:48', NULL),
	(211, '2024-03-26 17:04:14', 1, '0009309531', 'last_barcode', '051080300184', '2024-03-26 16:04:14', '2024-03-26 16:04:14', NULL),
	(212, '2024-03-26 17:04:24', 1, '0009309531', 'last_barcode', '051080300184', '2024-03-26 16:04:24', '2024-03-26 16:04:24', NULL),
	(213, '2024-03-26 17:04:37', 1, '0009309531', 'last_barcode', '051248800181', '2024-03-26 16:04:37', '2024-03-26 16:04:37', NULL),
	(214, '2024-03-26 17:04:48', 1, '0009309531', 'last_barcode', '051080300184', '2024-03-26 16:04:48', '2024-03-26 16:04:48', NULL),
	(215, '2024-03-26 17:04:57', 1, '0009309531', 'last_barcode', '051248800181', '2024-03-26 16:04:57', '2024-03-26 16:04:57', NULL),
	(216, '2024-03-26 17:05:18', 1, '0009309531', 'last_barcode', '051080300184', '2024-03-26 16:05:18', '2024-03-26 16:05:18', NULL),
	(217, '2024-03-27 08:40:13', 1, '0009309531', 'last_barcode', '051248800181', '2024-03-27 07:40:13', '2024-03-27 07:40:13', NULL),
	(218, '2024-03-27 08:40:21', 1, '0009309531', 'last_barcode', '051080300184', '2024-03-27 07:40:21', '2024-03-27 07:40:21', NULL),
	(219, '2024-03-27 09:52:45', 1, '0009309531', 'last_barcode', '051248200189', '2024-03-27 08:52:45', '2024-03-27 08:52:45', NULL),
	(220, '2024-03-27 12:09:00', 1, '0009309531', 'last_barcode', '051101500180', '2024-03-27 11:09:00', '2024-03-27 11:09:00', NULL),
	(221, '2024-03-27 12:54:53', 1, '0009309531', 'last_barcode', '051208500182', '2024-03-27 11:54:53', '2024-03-27 11:54:53', NULL),
	(222, '2024-03-27 14:18:46', 1, '0025715981', 'richiesta_manutenzione', '1', '2024-03-27 13:18:46', '2024-03-27 13:18:46', NULL),
	(223, '2024-03-27 15:39:54', 1, '0025711970', 'conferma_intervento', '0', '2024-03-27 14:39:54', '2024-03-27 14:39:54', NULL),
	(224, '2024-03-28 12:33:59', 1, '0025711970', 'last_barcode', '051184900181', '2024-03-28 11:33:59', '2024-03-28 11:33:59', NULL),
	(225, '2024-03-28 12:53:51', 1, '0025711970', 'last_barcode', '051185400185', '2024-03-28 11:53:51', '2024-03-28 11:53:51', NULL),
	(226, '2024-03-28 14:59:51', 1, '0025711970', 'last_barcode', '051185300188', '2024-03-28 13:59:51', '2024-03-28 13:59:51', NULL),
	(227, '2024-03-29 07:40:06', 1, '0025711970', 'last_barcode', '051245600180', '2024-03-29 06:40:06', '2024-03-29 06:40:06', NULL),
	(228, '2024-03-29 08:18:54', 1, '0025711970', 'last_barcode', '051260100184', '2024-03-29 07:18:54', '2024-03-29 07:18:54', NULL),
	(229, '2024-03-29 09:10:39', 1, '0025711970', 'last_barcode', '051244700188', '2024-03-29 08:10:39', '2024-03-29 08:10:39', NULL),
	(230, '2024-03-29 09:29:03', 1, '0025711970', 'last_barcode', '051261500181', '2024-03-29 08:29:03', '2024-03-29 08:29:03', NULL),
	(231, '2024-03-29 09:43:16', 1, '0025711970', 'last_barcode', '051244700188', '2024-03-29 08:43:16', '2024-03-29 08:43:16', NULL),
	(232, '2024-03-29 11:51:13', 1, '0025711970', 'last_barcode', '051245500183', '2024-03-29 10:51:13', '2024-03-29 10:51:13', NULL),
	(233, '2024-04-02 07:42:11', 1, '0025711970', 'last_barcode', '051245000188', '2024-04-02 05:42:11', '2024-04-02 05:42:11', NULL),
	(234, '2024-04-02 07:42:40', 1, '0025711970', 'last_barcode', '051245200182', '2024-04-02 05:42:40', '2024-04-02 05:42:40', NULL),
	(235, '2024-04-02 07:43:14', 1, '0025711970', 'last_barcode', '051245100185', '2024-04-02 05:43:14', '2024-04-02 05:43:14', NULL),
	(236, '2024-04-02 07:43:27', 1, '0025711970', 'last_barcode', '051245400186', '2024-04-02 05:43:27', '2024-04-02 05:43:27', NULL),
	(237, '2024-04-02 07:48:46', 1, '0025711970', 'last_barcode', '051245000188', '2024-04-02 05:48:46', '2024-04-02 05:48:46', NULL),
	(238, '2024-04-02 08:06:02', 1, '0025711970', 'last_barcode', '051193300187', '2024-04-02 06:06:02', '2024-04-02 06:06:02', NULL),
	(239, '2024-04-02 08:15:31', 1, '0025711970', 'last_barcode', '051192100184', '2024-04-02 06:15:31', '2024-04-02 06:15:31', NULL),
	(240, '2024-04-02 08:15:53', 1, '0025711970', 'last_barcode', '051192000187', '2024-04-02 06:15:53', '2024-04-02 06:15:53', NULL),
	(241, '2024-04-02 08:50:07', 1, '0025711970', 'last_barcode', '051245200182', '2024-04-02 06:50:07', '2024-04-02 06:50:07', NULL),
	(242, '2024-04-02 10:48:35', 1, '0025711970', 'last_barcode', '051261700185', '2024-04-02 08:48:35', '2024-04-02 08:48:35', NULL),
	(243, '2024-04-02 13:19:57', 1, '0009309531', 'richiesta_manutenzione', '1', '2024-04-02 11:19:57', '2024-04-02 11:19:57', NULL),
	(244, '2024-04-02 13:29:58', 1, '0009309531', 'conferma_intervento', '0', '2024-04-02 11:29:58', '2024-04-02 11:29:58', NULL),
	(245, '2024-04-03 08:03:48', 1, '0009309531', 'last_barcode', '051192500182', '2024-04-03 06:03:48', '2024-04-03 06:03:48', NULL),
	(246, '2024-04-03 08:19:05', 1, '0009309531', 'last_barcode', '051192900180', '2024-04-03 06:19:05', '2024-04-03 06:19:05', NULL),
	(247, '2024-04-03 10:29:51', 1, '0009309531', 'last_barcode', '051112000181', '2024-04-03 08:29:51', '2024-04-03 08:29:51', NULL),
	(248, '2024-04-03 15:06:52', 1, '0009309531', 'last_barcode', '051254400184', '2024-04-03 13:06:52', '2024-04-03 13:06:52', NULL),
	(249, '2024-04-04 09:43:56', 1, '0009309531', 'last_barcode', '051197200186', '2024-04-04 07:43:56', '2024-04-04 07:43:56', NULL),
	(250, '2024-04-04 14:12:37', 1, '0009309531', 'last_barcode', '051250900152', '2024-04-04 12:12:37', '2024-04-04 12:12:37', NULL),
	(251, '2024-04-05 07:52:57', 1, '0009309531', 'richiesta_manutenzione', '1', '2024-04-05 05:52:57', '2024-04-05 05:52:57', NULL),
	(252, '2024-04-05 08:02:04', 1, '0009309531', 'conferma_intervento', '0', '2024-04-05 06:02:04', '2024-04-05 06:02:04', NULL),
	(253, '2024-04-05 08:17:14', 1, '0009309531', 'last_barcode', '051255000185', '2024-04-05 06:17:14', '2024-04-05 06:17:14', NULL),
	(254, '2024-04-05 08:17:20', 1, '0009309531', 'last_barcode', '051251400187', '2024-04-05 06:17:20', '2024-04-05 06:17:20', NULL),
	(255, '2024-04-05 11:55:15', 1, '0009309531', 'last_barcode', '051196600185', '2024-04-05 09:55:15', '2024-04-05 09:55:15', NULL),
	(256, '2024-04-05 12:14:26', 1, '0009309531', 'last_barcode', '051268400187', '2024-04-05 10:14:26', '2024-04-05 10:14:26', NULL),
	(257, '2024-04-09 08:39:02', 1, '0009309531', 'last_barcode', '051272200186', '2024-04-09 06:39:02', '2024-04-09 06:39:02', NULL),
	(258, '2024-04-09 09:16:07', 1, '0009309531', 'last_barcode', '051251700188', '2024-04-09 07:16:07', '2024-04-09 07:16:07', NULL),
	(259, '2024-04-09 12:26:42', 1, '0009309531', 'last_barcode', '051271900186', '2024-04-09 10:26:42', '2024-04-09 10:26:42', NULL),
	(260, '2024-04-09 13:15:15', 1, '0009309531', 'last_barcode', '051240600185', '2024-04-09 11:15:15', '2024-04-09 11:15:15', NULL),
	(261, '2024-04-09 13:21:42', 1, '0009309531', 'last_barcode', '051267900183', '2024-04-09 11:21:42', '2024-04-09 11:21:42', NULL),
	(262, '2024-04-09 14:53:20', 1, '0009309531', 'last_barcode', '051252900181', '2024-04-09 12:53:20', '2024-04-09 12:53:20', NULL),
	(263, '2024-04-09 15:55:12', 1, '0009309531', 'last_barcode', '051252300189', '2024-04-09 13:55:12', '2024-04-09 13:55:12', NULL),
	(264, '2024-04-10 08:12:12', 1, '0025715981', 'richiesta_manutenzione', '1', '2024-04-10 06:12:12', '2024-04-10 06:12:12', NULL),
	(265, '2024-04-10 10:53:05', 1, '0025711970', 'conferma_intervento', '0', '2024-04-10 08:53:05', '2024-04-10 08:53:05', NULL),
	(266, '2024-04-10 11:18:06', 1, '0025711970', 'last_barcode', '051097700182', '2024-04-10 09:18:06', '2024-04-10 09:18:06', NULL),
	(267, '2024-04-10 11:38:00', 1, '0025711970', 'last_barcode', '051097000183', '2024-04-10 09:38:00', '2024-04-10 09:38:00', NULL),
	(268, '2024-04-12 09:52:54', 1, '0025711970', 'last_barcode', '051192100184', '2024-04-12 07:52:54', '2024-04-12 07:52:54', NULL),
	(269, '2024-04-12 10:54:44', 1, '0025711970', 'last_barcode', '051203500187', '2024-04-12 08:54:44', '2024-04-12 08:54:44', NULL),
	(270, '2024-04-12 10:54:50', 1, '0025711970', 'last_barcode', '051203600184', '2024-04-12 08:54:50', '2024-04-12 08:54:50', NULL),
	(271, '2024-04-12 11:36:31', 1, '0009309531', 'richiesta_manutenzione', '1', '2024-04-12 09:36:31', '2024-04-12 09:36:31', NULL),
	(272, '2024-04-15 12:03:43', 1, '0009309531', 'last_barcode', '051245200199', '2024-04-15 10:03:43', '2024-04-15 10:03:43', NULL),
	(273, '2024-04-15 15:13:38', 1, '0009309531', 'last_barcode', '051282100186', '2024-04-15 13:13:38', '2024-04-15 13:13:38', NULL),
	(274, '2024-04-17 09:30:35', 1, '0009309531', 'last_barcode', '051214800184', '2024-04-17 07:30:35', '2024-04-17 07:30:35', NULL),
	(275, '2024-04-17 10:06:24', 1, '0009309531', 'last_barcode', '051215500182', '2024-04-17 08:06:24', '2024-04-17 08:06:24', NULL),
	(276, '2024-04-17 10:51:14', 1, '0009309531', 'last_barcode', '051243600182', '2024-04-17 08:51:14', '2024-04-17 08:51:14', NULL),
	(277, '2024-04-17 12:01:05', 1, '0009309531', 'last_barcode', '051214900181', '2024-04-17 10:01:05', '2024-04-17 10:01:05', NULL),
	(278, '2024-04-17 12:40:58', 1, '0009309531', 'last_barcode', '051215500182', '2024-04-17 10:40:58', '2024-04-17 10:40:58', NULL),
	(279, '2024-04-18 09:50:19', 1, '0009309531', 'last_barcode', '051203700181', '2024-04-18 07:50:19', '2024-04-18 07:50:19', NULL),
	(280, '2024-04-18 10:39:07', 1, '0009309531', 'last_barcode', '051214900181', '2024-04-18 08:39:07', '2024-04-18 08:39:07', NULL),
	(281, '2024-04-19 09:01:26', 1, '0009309531', 'last_barcode', '051275600181', '2024-04-19 07:01:26', '2024-04-19 07:01:26', NULL),
	(282, '2024-04-19 11:32:11', 1, '0009309531', 'last_barcode', '051302800188', '2024-04-19 09:32:11', '2024-04-19 09:32:11', NULL),
	(283, '2024-04-22 07:37:21', 1, '0009309531', 'conferma_intervento', '0', '2024-04-22 05:37:21', '2024-04-22 05:37:21', NULL),
	(284, '2024-04-22 08:26:13', 1, '0009309531', 'last_barcode', '051284400185', '2024-04-22 06:26:13', '2024-04-22 06:26:13', NULL),
	(285, '2024-04-23 08:11:30', 1, '0009309531', 'last_barcode', '051282900182', '2024-04-23 06:11:30', '2024-04-23 06:11:30', NULL),
	(286, '2024-04-23 11:15:12', 1, '0009309531', 'last_barcode', '051214900181', '2024-04-23 09:15:12', '2024-04-23 09:15:12', NULL),
	(287, '2024-04-24 09:15:37', 1, '0009309531', 'last_barcode', '051280500186', '2024-04-24 07:15:37', '2024-04-24 07:15:37', NULL),
	(288, '2024-04-29 07:47:17', 1, '0009309531', 'last_barcode', '051275900182', '2024-04-29 05:47:17', '2024-04-29 05:47:17', NULL),
	(289, '2024-04-29 10:47:36', 1, '0009309531', 'last_barcode', '051272800188', '2024-04-29 08:47:36', '2024-04-29 08:47:36', NULL),
	(290, '2024-04-30 11:56:33', 1, '0009309531', 'last_barcode', '051302400180', '2024-04-30 09:56:33', '2024-04-30 09:56:33', NULL),
	(291, '2024-04-30 14:29:21', 1, '0009309531', 'last_barcode', '051311500185', '2024-04-30 12:29:21', '2024-04-30 12:29:21', NULL),
	(292, '2024-05-02 08:16:38', 1, '0009309531', 'last_barcode', '051270300185', '2024-05-02 06:16:38', '2024-05-02 06:16:38', NULL),
	(293, '2024-05-02 12:43:09', 1, '0009309531', 'last_barcode', '051289700181', '2024-05-02 10:43:09', '2024-05-02 10:43:09', NULL),
	(294, '2024-05-03 08:55:02', 1, '0009309531', 'last_barcode', '051312400187', '2024-05-03 06:55:02', '2024-05-03 06:55:02', NULL),
	(295, '2024-05-08 08:09:13', 1, '0009309531', 'last_barcode', '051322800182', '2024-05-08 06:09:13', '2024-05-08 06:09:13', NULL),
	(296, '2024-05-10 08:27:28', 1, '0009309531', 'last_barcode', '051343900144', '2024-05-10 06:27:28', '2024-05-10 06:27:28', NULL),
	(297, '2024-05-10 10:29:23', 1, '0009309531', 'last_barcode', '051348300185', '2024-05-10 08:29:23', '2024-05-10 08:29:23', NULL),
	(298, '2024-05-10 10:49:38', 1, '0009309531', 'last_barcode', '051344200182', '2024-05-10 08:49:38', '2024-05-10 08:49:38', NULL),
	(299, '2024-05-10 14:44:01', 1, '0009309531', 'last_barcode', '051339700185', '2024-05-10 12:44:01', '2024-05-10 12:44:01', NULL),
	(300, '2024-05-10 15:28:24', 1, '0009309531', 'last_barcode', '051292200180', '2024-05-10 13:28:24', '2024-05-10 13:28:24', NULL),
	(301, '2024-05-13 08:10:15', 1, '0009309531', 'last_barcode', '051341200185', '2024-05-13 06:10:15', '2024-05-13 06:10:15', NULL),
	(302, '2024-05-13 08:15:53', 1, '0009309531', 'last_barcode', '051296200186', '2024-05-13 06:15:53', '2024-05-13 06:15:53', NULL),
	(303, '2024-10-18 17:10:36', 0, '', 'richiesta_intervento', '1', '2024-10-18 17:10:36', NULL, NULL),
	(304, '2024-10-18 17:10:40', 0, '', 'richiesta_filato', '1', '2024-10-18 17:10:40', NULL, NULL),
	(305, '2024-10-18 17:15:59', 0, '', 'richiesta_intervento', '1', '2024-10-18 17:15:59', NULL, NULL),
	(306, '2024-10-21 09:37:42', 0, '', 'richiesta_intervento', '1', '2024-10-21 09:37:42', NULL, NULL),
	(307, '2024-10-21 09:40:13', 0, '', 'richiesta_intervento', '1', '2024-10-21 09:40:13', NULL, NULL),
	(308, '2024-10-21 09:45:41', 0, '', 'richiesta_intervento', '1', '2024-10-21 09:45:41', NULL, NULL),
	(309, '2024-10-21 09:46:29', 0, '', 'richiesta_filato', '1', '2024-10-21 09:46:29', NULL, NULL),
	(310, '2024-10-21 09:47:11', 0, '', 'richiesta_filato', '1', '2024-10-21 09:47:11', NULL, NULL),
	(311, '2024-10-21 09:49:33', 0, '', 'richiesta_intervento', '1', '2024-10-21 09:49:33', NULL, NULL),
	(312, '2024-10-21 09:50:26', 0, '', 'richiesta_intervento', '1', '2024-10-21 09:50:26', NULL, NULL),
	(313, '2024-10-21 09:50:51', 0, '', 'richiesta_intervento', '1', '2024-10-21 09:50:51', NULL, NULL),
	(314, '2024-10-21 09:52:37', 0, '', 'richiesta_intervento', '1', '2024-10-21 09:52:37', NULL, NULL),
	(315, '2024-10-21 09:53:30', 0, '', 'richiesta_intervento', '1', '2024-10-21 09:53:30', NULL, NULL),
	(316, '2024-10-21 09:57:37', 0, '', 'richiesta_intervento', '1', '2024-10-21 09:57:37', NULL, NULL),
	(317, '2024-10-21 09:58:23', 0, '', 'richiesta_intervento', '1', '2024-10-21 09:58:23', NULL, NULL),
	(318, '2024-10-21 10:00:48', 0, '', 'richiesta_intervento', '1', '2024-10-21 10:00:48', NULL, NULL),
	(319, '2024-10-21 10:01:44', 0, '', 'richiesta_intervento', '1', '2024-10-21 10:01:44', NULL, NULL),
	(320, '2024-10-21 10:03:02', 0, '', 'richiesta_intervento', '1', '2024-10-21 10:03:02', NULL, NULL),
	(321, '2024-10-21 10:03:02', 0, '', 'richiesta_intervento', '1', '2024-10-21 10:03:02', NULL, NULL),
	(322, '2024-10-21 10:03:46', 0, '', 'richiesta_intervento', '1', '2024-10-21 10:03:46', NULL, NULL),
	(323, '2024-10-21 10:04:17', 0, '', 'richiesta_intervento', '1', '2024-10-21 10:04:17', NULL, NULL),
	(324, '2024-10-21 10:04:36', 0, '', 'richiesta_intervento', '1', '2024-10-21 10:04:36', NULL, NULL),
	(325, '2024-10-21 10:06:20', 0, '', 'richiesta_intervento', '1', '2024-10-21 10:06:20', NULL, NULL),
	(326, '2024-10-21 10:06:44', 0, '', 'richiesta_intervento', '1', '2024-10-21 10:06:44', NULL, NULL),
	(327, '2024-10-21 10:07:41', 0, '', 'richiesta_intervento', '1', '2024-10-21 10:07:41', NULL, NULL),
	(328, '2024-10-21 10:08:10', 0, '', 'richiesta_intervento', '1', '2024-10-21 10:08:10', NULL, NULL),
	(329, '2024-10-21 10:08:48', 0, '', 'richiesta_intervento', '1', '2024-10-21 10:08:48', NULL, NULL),
	(330, '2024-10-21 10:09:59', 0, '', 'richiesta_intervento', '1', '2024-10-21 10:09:59', NULL, NULL),
	(331, '2024-10-21 10:10:21', 0, '', 'richiesta_intervento', '1', '2024-10-21 10:10:21', NULL, NULL),
	(332, '2024-10-21 10:11:35', 0, '', 'richiesta_intervento', '1', '2024-10-21 10:11:35', NULL, NULL),
	(333, '2024-10-21 10:13:38', 0, '', 'richiesta_intervento', '1', '2024-10-21 10:13:38', NULL, NULL),
	(334, '2024-10-21 10:14:20', 0, '', 'richiesta_intervento', '1', '2024-10-21 10:14:20', NULL, NULL),
	(335, '2024-10-21 10:14:53', 0, '', 'richiesta_intervento', '1', '2024-10-21 10:14:53', NULL, NULL),
	(336, '2024-10-21 10:20:26', 0, '', 'richiesta_intervento', '1', '2024-10-21 10:20:26', NULL, NULL),
	(337, '2024-10-21 10:21:24', 0, '', 'richiesta_intervento', '1', '2024-10-21 10:21:24', NULL, NULL),
	(338, '2024-10-21 10:21:55', 0, '', 'richiesta_intervento', '1', '2024-10-21 10:21:55', NULL, NULL),
	(339, '2024-10-21 10:26:11', 0, '', 'richiesta_intervento', '1', '2024-10-21 10:26:11', NULL, NULL),
	(340, '2024-10-21 10:27:22', 0, '', 'richiesta_intervento', '1', '2024-10-21 10:27:22', NULL, NULL),
	(341, '2024-10-21 10:29:34', 0, '', 'richiesta_intervento', '1', '2024-10-21 10:29:34', NULL, NULL),
	(342, '2024-10-21 10:29:54', 0, '', 'richiesta_intervento', '1', '2024-10-21 10:29:54', NULL, NULL),
	(343, '2024-10-21 10:32:30', 0, '', 'richiesta_intervento', '1', '2024-10-21 10:32:30', NULL, NULL),
	(344, '2024-10-21 10:33:49', 0, '', 'richiesta_intervento', '1', '2024-10-21 10:33:49', NULL, NULL),
	(345, '2024-10-21 10:35:59', 0, '', 'richiesta_intervento', '1', '2024-10-21 10:35:59', NULL, NULL),
	(346, '2024-10-21 10:38:10', 0, '', 'richiesta_intervento', '1', '2024-10-21 10:38:10', NULL, NULL),
	(347, '2024-10-21 10:38:40', 0, '', 'richiesta_intervento', '1', '2024-10-21 10:38:40', NULL, NULL),
	(348, '2024-10-21 10:41:16', 0, '', 'richiesta_intervento', '1', '2024-10-21 10:41:16', NULL, NULL),
	(349, '2024-10-21 10:44:18', 0, '', 'richiesta_intervento', '1', '2024-10-21 10:44:18', NULL, NULL),
	(350, '2024-10-21 10:52:28', 0, '', 'richiesta_intervento', '1', '2024-10-21 10:52:28', NULL, NULL),
	(351, '2024-10-21 10:52:36', 0, '', 'richiesta_filato', '1', '2024-10-21 10:52:36', NULL, NULL),
	(352, '2024-10-21 10:54:07', 0, '', 'richiesta_filato', '1', '2024-10-21 10:54:07', NULL, NULL),
	(353, '2024-10-21 11:13:51', 0, '', 'richiesta_intervento', '1', '2024-10-21 11:13:51', NULL, NULL),
	(354, '2024-10-21 11:16:55', 0, '', 'richiesta_filato', '1', '2024-10-21 11:16:55', NULL, NULL),
	(355, '2024-10-21 11:18:12', 0, '', 'richiesta_filato', '1', '2024-10-21 11:18:12', NULL, NULL),
	(356, '2024-10-21 11:18:44', 0, '', 'richiesta_intervento', '1', '2024-10-21 11:18:44', NULL, NULL),
	(357, '2024-10-21 11:18:44', 0, '', 'richiesta_intervento', '1', '2024-10-21 11:18:44', NULL, NULL),
	(358, '2024-10-21 11:20:50', 0, '', 'richiesta_spola', '1', '2024-10-21 11:20:50', NULL, NULL),
	(359, '2024-10-21 11:25:04', 0, '', 'richiesta_spola', '1', '2024-10-21 11:25:04', NULL, NULL),
	(360, '2024-10-21 11:25:21', 0, '', 'richiesta_filato', '1', '2024-10-21 11:25:21', NULL, NULL),
	(361, '2024-10-21 11:25:25', 0, '', 'richiesta_intervento', '1', '2024-10-21 11:25:25', NULL, NULL),
	(362, '2024-10-21 11:25:32', 0, '', 'richiesta_spola', '1', '2024-10-21 11:25:32', NULL, NULL),
	(363, '2024-10-21 11:27:45', 0, '', 'cambio_spola', '1', '2024-10-21 11:27:45', NULL, NULL),
	(364, '2024-10-21 11:50:39', 0, '', 'cambio_spola', '1', '2024-10-21 11:50:39', NULL, NULL),
	(365, '2024-10-21 11:52:48', 0, '', 'cambio_spola', '676.24', '2024-10-21 11:52:48', NULL, NULL),
	(366, '2024-10-21 11:53:58', 0, '', 'cambio_spola', '1', '2024-10-21 11:53:58', NULL, NULL),
	(367, '2024-10-21 11:54:06', 0, '', 'cambio_spola', '1', '2024-10-21 11:54:06', NULL, NULL),
	(368, '2024-10-21 12:10:16', 0, '', 'cambio_spola', '1', '2024-10-21 12:10:16', NULL, NULL),
	(369, '2024-10-21 12:41:58', 0, '', 'parametro_spola', '5', '2024-10-21 12:41:58', NULL, NULL),
	(370, '2024-10-21 12:43:23', 0, '', 'parametro_spola', '676.24', '2024-10-21 12:43:23', NULL, NULL),
	(371, '2024-10-21 12:45:07', 0, '', 'parametro_spola', '5', '2024-10-21 12:45:07', NULL, NULL),
	(372, '2024-10-21 12:45:16', 0, '', 'parametro_spola', '676.24', '2024-10-21 12:45:16', NULL, NULL),
	(373, '2024-10-21 12:46:32', 0, '', 'parametro_spola', '676.24', '2024-10-21 12:46:32', NULL, NULL),
	(374, '2024-10-21 12:51:05', 0, '', 'parametro_spola', '676.24', '2024-10-21 12:51:05', NULL, NULL),
	(375, '2024-10-21 12:52:18', 0, '', 'parametro_spola', '676.24', '2024-10-21 12:52:18', NULL, NULL),
	(376, '2024-10-21 12:55:34', 0, '', 'parametro_spola', '5', '2024-10-21 12:55:34', NULL, NULL),
	(377, '2024-10-21 12:55:40', 0, '', 'parametro_spola', '676.24', '2024-10-21 12:55:40', NULL, NULL),
	(378, '2024-10-21 12:55:46', 0, '', 'parametro_spola', '5', '2024-10-21 12:55:46', NULL, NULL),
	(379, '2024-10-21 12:55:52', 0, '', 'parametro_spola', '676.24', '2024-10-21 12:55:52', NULL, NULL),
	(380, '2024-10-21 12:59:11', 0, '', 'parametro_spola', '676.24', '2024-10-21 12:59:11', NULL, NULL),
	(381, '2024-10-21 12:59:53', 0, '', 'parametro_spola', '5', '2024-10-21 12:59:53', NULL, NULL),
	(382, '2024-10-21 13:00:08', 0, '', 'parametro_spola', '676.24', '2024-10-21 13:00:08', NULL, NULL),
	(383, '2024-10-21 13:02:41', 0, '', 'parametro_spola', '5', '2024-10-21 13:02:41', NULL, NULL),
	(384, '2024-10-21 13:03:28', 0, '', 'parametro_spola', '676.24', '2024-10-21 13:03:28', NULL, NULL),
	(385, '2024-10-21 13:04:56', 0, '', 'parametro_spola', '5', '2024-10-21 13:04:56', NULL, NULL),
	(386, '2024-10-21 13:05:43', 0, '', 'parametro_spola', '676.24', '2024-10-21 13:05:43', NULL, NULL),
	(387, '2024-10-21 13:05:55', 0, '', 'parametro_spola', '5', '2024-10-21 13:05:55', NULL, NULL),
	(388, '2024-10-21 13:11:26', 0, '', 'richiesta_filato', '1', '2024-10-21 13:11:26', NULL, NULL),
	(389, '2024-10-21 13:11:30', 0, '', 'richiesta_intervento', '1', '2024-10-21 13:11:30', NULL, NULL),
	(390, '2024-10-21 13:15:22', 0, '', 'richiesta_filato', '1', '2024-10-21 13:15:22', NULL, NULL),
	(391, '2024-10-21 13:15:26', 0, '', 'richiesta_intervento', '1', '2024-10-21 13:15:26', NULL, NULL),
	(392, '2024-10-21 14:55:09', 1, '0010452223', 'id_operatore', '0010452223', '2024-10-21 12:55:09', '2024-10-21 12:55:09', NULL),
	(393, '2024-10-21 14:56:16', 1, '0010452223', 'id_operatore', '0010452223', '2024-10-21 12:56:16', '2024-10-21 12:56:16', NULL),
	(394, '2024-10-21 15:19:34', 1, '0010452223', 'id_operatore', '0010452223', '2024-10-21 13:19:34', '2024-10-21 13:19:34', NULL),
	(395, '2024-10-21 16:32:42', 1, '0010452223', 'id_operatore', '0010452223', '2024-10-21 14:32:42', '2024-10-21 14:32:42', NULL),
	(396, '2024-10-21 16:33:45', 1, '0010452223', 'id_operatore', '0010452223', '2024-10-21 14:33:45', '2024-10-21 14:33:45', NULL),
	(397, '2024-10-21 16:37:33', 1, '0010452223', 'id_operatore', '0010452223', '2024-10-21 14:37:33', '2024-10-21 14:37:33', NULL),
	(398, '2024-10-25 12:19:17', 1, '0010452223', 'id_operatore', '0010452223', '2024-10-25 10:19:17', '2024-10-25 10:19:17', NULL),
	(399, '2024-10-25 12:52:39', 1, '0010452223', 'id_operatore', '0010452223', '2024-10-25 10:52:39', '2024-10-25 10:52:39', NULL),
	(400, '2024-10-25 16:35:25', 1, '0010452223', 'id_operatore', '0010452223', '2024-10-25 14:35:25', '2024-10-25 14:35:25', NULL),
	(401, '2024-10-28 10:28:17', 1, '0010452223', 'id_operatore', '0010452223', '2024-10-28 09:28:17', '2024-10-28 09:28:17', NULL),
	(402, '2024-10-28 10:28:31', 1, '0010452223', 'id_operatore', '0010452223', '2024-10-28 09:28:31', '2024-10-28 09:28:31', NULL),
	(403, '2024-10-28 10:55:02', 1, '0010452223', 'id_operatore', '0010452223', '2024-10-28 09:55:02', '2024-10-28 09:55:02', NULL),
	(404, '2024-10-28 15:05:38', 1, '0010452223', 'id_operatore', '0010452223', '2024-10-28 14:05:38', '2024-10-28 14:05:38', NULL);

-- Dump della struttura di tabella raspberryprojects.log_orlatura
DROP TABLE IF EXISTS `log_orlatura`;
CREATE TABLE IF NOT EXISTS `log_orlatura` (
  `id` int(11) NOT NULL AUTO_INCREMENT,
  `id_macchina` int(11) NOT NULL,
  `id_operatore` varchar(50) NOT NULL,
  `consumo` float(11,2) NOT NULL DEFAULT 0.00,
  `tempo` int(11) NOT NULL DEFAULT 0,
  `commessa` varchar(255) NOT NULL,
  `data` datetime NOT NULL DEFAULT current_timestamp(),
  PRIMARY KEY (`id`)
) ENGINE=InnoDB AUTO_INCREMENT=9 DEFAULT CHARSET=utf8mb3 COLLATE=utf8mb3_general_ci;

-- Dump dei dati della tabella raspberryprojects.log_orlatura: ~8 rows (circa)
DELETE FROM `log_orlatura`;
INSERT INTO `log_orlatura` (`id`, `id_macchina`, `id_operatore`, `consumo`, `tempo`, `commessa`, `data`) VALUES
	(1, 1, '0010452223', -2622.50, 0, 'Commessa1', '2024-10-28 12:07:01'),
	(2, 1, '0010452223', -2622.50, 10, 'Commessa1', '2024-10-28 12:07:11'),
	(3, 1, '0010452223', -2478.19, 0, 'Commessa1', '2024-10-28 12:07:21'),
	(4, 1, '0010452223', 4933.98, 10, 'Commessa1', '2024-10-28 12:07:31'),
	(5, 1, '0010452223', 11943.07, 20, 'Commessa1', '2024-10-28 12:07:41'),
	(6, 1, '0010452223', 18713.30, 30, 'Commessa1', '2024-10-28 12:07:51'),
	(7, 1, '0010452223', 21599.54, 40, 'Commessa1', '2024-10-28 12:08:01'),
	(8, 1, '0010452223', 21599.54, 50, 'Commessa1', '2024-10-28 12:08:11');

-- Dump della struttura di tabella raspberryprojects.operatori
DROP TABLE IF EXISTS `operatori`;
CREATE TABLE IF NOT EXISTS `operatori` (
  `id` varchar(50) NOT NULL DEFAULT '0',
  `nome` varchar(50) DEFAULT NULL,
  `cognome` varchar(50) DEFAULT NULL,
  `created_at` datetime NOT NULL DEFAULT current_timestamp(),
  `updated_at` datetime DEFAULT NULL,
  `deleted_at` datetime DEFAULT NULL,
  PRIMARY KEY (`id`) USING BTREE
) ENGINE=InnoDB DEFAULT CHARSET=utf8mb3 COLLATE=utf8mb3_general_ci;

-- Dump dei dati della tabella raspberryprojects.operatori: ~0 rows (circa)
DELETE FROM `operatori`;
INSERT INTO `operatori` (`id`, `nome`, `cognome`, `created_at`, `updated_at`, `deleted_at`) VALUES
	('0001752390', 'Mario', 'Rossi', '2024-10-17 15:25:44', NULL, NULL),
	('0001978094', 'Luigi', 'Verdi', '2024-10-17 15:25:44', NULL, NULL),
	('0010452223', 'Riccardo', 'Panico', '2024-10-17 15:25:44', NULL, NULL);

/*!40103 SET TIME_ZONE=IFNULL(@OLD_TIME_ZONE, 'system') */;
/*!40101 SET SQL_MODE=IFNULL(@OLD_SQL_MODE, '') */;
/*!40014 SET FOREIGN_KEY_CHECKS=IFNULL(@OLD_FOREIGN_KEY_CHECKS, 1) */;
/*!40101 SET CHARACTER_SET_CLIENT=@OLD_CHARACTER_SET_CLIENT */;
/*!40111 SET SQL_NOTES=IFNULL(@OLD_SQL_NOTES, 1) */;
